date,station,day_of_week,hour,weather,temperature,entries,exits,nearby_events,service_disruptions,rideshare_activity,bike_share_docks,bus_connections,total_activity,is_weekend,is_rush_hour,is_bad_weather,high_utilization,cluster,date_only
2023-01-01,Columbus Circle,Monday,17,Sunny,47,1807,2755,2,1,607,21,0,4562,0,1,0,0,1,2023-01-01
2023-01-02,Penn Station,Sunday,8,Sunny,94,1716,3565,1,1,391,16,3,5281,1,1,0,1,3,2023-01-02
2023-01-03,Fulton Street,Thursday,18,Snowy,84,2835,1392,2,1,401,35,0,4227,0,1,1,0,2,2023-01-03
2023-01-04,Brooklyn Bridge,Wednesday,23,Rainy,68,769,2276,2,1,986,16,5,3045,0,0,1,0,0,2023-01-04
2023-01-05,Columbus Circle,Thursday,13,Sunny,66,455,1129,2,0,61,13,3,1584,0,0,0,0,0,2023-01-05
2023-01-06,Atlantic Ave,Thursday,20,Cloudy,71,2344,4256,2,0,612,8,5,6600,0,0,0,1,3,2023-01-06
2023-01-07,Union Square,Thursday,6,Snowy,73,121,4613,2,1,298,29,3,4734,0,0,1,0,3,2023-01-07
2023-01-08,Columbus Circle,Thursday,8,Snowy,79,2103,2829,2,1,346,20,2,4932,0,1,1,0,3,2023-01-08
2023-01-09,Fulton Street,Friday,13,Sunny,76,1279,2578,1,1,819,11,2,3857,0,0,0,0,1,2023-01-09
2023-01-10,Brooklyn Bridge,Friday,9,Snowy,66,1617,863,2,0,213,36,1,2480,0,1,1,0,2,2023-01-10
2023-01-11,Penn Station,Sunday,21,Sunny,50,3732,2081,0,0,889,31,1,5813,1,0,0,1,2,2023-01-11
2023-01-12,Fulton Street,Tuesday,15,Rainy,65,3003,372,1,1,247,10,3,3375,0,0,1,0,0,2023-01-12
2023-01-13,Fulton Street,Monday,17,Rainy,45,4532,3019,0,0,391,19,0,7551,0,1,1,1,2,2023-01-13
2023-01-14,Union Square,Thursday,19,Snowy,24,748,953,2,1,676,34,4,1701,0,0,1,0,0,2023-01-14
2023-01-15,Wall Street,Sunday,19,Snowy,71,876,1591,0,1,761,46,4,2467,1,0,1,0,0,2023-01-15
2023-01-16,Brooklyn Bridge,Tuesday,7,Cloudy,94,398,3553,2,1,145,45,0,3951,0,1,0,0,1,2023-01-16
2023-01-17,Times Square,Monday,10,Snowy,73,3958,2703,2,1,416,10,0,6661,0,0,1,1,2,2023-01-17
2023-01-18,Fulton Street,Saturday,10,Cloudy,52,357,2526,1,1,517,7,2,2883,1,0,0,0,1,2023-01-18
2023-01-19,Wall Street,Wednesday,11,Rainy,69,3466,3390,1,1,371,3,4,6856,0,0,1,1,3,2023-01-19
2023-01-20,Times Square,Friday,18,Rainy,57,2384,4293,2,1,390,26,3,6677,0,1,1,1,3,2023-01-20
2023-01-21,Brooklyn Bridge,Saturday,14,Sunny,46,4911,1191,1,0,890,43,5,6102,1,0,0,1,0,2023-01-21
2023-01-22,Grand Central,Monday,20,Rainy,34,4870,899,0,1,585,39,1,5769,0,0,1,1,2,2023-01-22
2023-01-23,Atlantic Ave,Saturday,19,Cloudy,80,2859,416,1,0,644,37,5,3275,1,0,0,0,0,2023-01-23
2023-01-24,Wall Street,Wednesday,12,Snowy,40,3608,2947,1,1,263,46,2,6555,0,0,1,1,2,2023-01-24
2023-01-25,Canal Street,Sunday,7,Sunny,65,4528,1139,0,1,486,29,4,5667,1,1,0,1,0,2023-01-25
2023-01-26,Grand Central,Monday,12,Cloudy,88,3527,4091,1,0,123,43,0,7618,0,0,0,1,2,2023-01-26
2023-01-27,Atlantic Ave,Saturday,11,Snowy,25,4670,2088,2,0,29,47,4,6758,1,0,1,1,2,2023-01-27
2023-01-28,Union Square,Friday,22,Sunny,57,2736,2910,0,1,537,47,3,5646,0,0,0,1,3,2023-01-28
2023-01-29,Columbus Circle,Friday,7,Rainy,81,3035,4320,2,0,154,26,2,7355,0,1,1,1,3,2023-01-29
2023-01-30,Penn Station,Tuesday,8,Cloudy,81,325,1904,0,1,217,20,0,2229,0,1,0,0,1,2023-01-30
2023-01-31,Canal Street,Saturday,10,Snowy,93,2597,4733,2,1,540,19,5,7330,1,0,1,1,3,2023-01-31
2023-02-01,Union Square,Thursday,10,Sunny,65,2814,544,2,0,385,3,3,3358,0,0,0,0,0,2023-02-01
2023-02-02,Brooklyn Bridge,Saturday,6,Sunny,32,386,3232,1,0,513,10,5,3618,1,0,0,0,3,2023-02-02
2023-02-03,Union Square,Sunday,13,Rainy,22,2023,1834,2,0,913,12,1,3857,1,0,1,0,1,2023-02-03
2023-02-04,Columbus Circle,Monday,17,Snowy,25,3029,3560,1,0,175,8,2,6589,0,1,1,1,3,2023-02-04
2023-02-05,Brooklyn Bridge,Monday,9,Rainy,27,4626,3836,0,1,559,3,3,8462,0,1,1,1,3,2023-02-05
2023-02-06,Canal Street,Sunday,18,Rainy,63,4018,4180,2,0,190,11,3,8198,1,1,1,1,3,2023-02-06
2023-02-07,Columbus Circle,Saturday,20,Snowy,52,960,1048,2,0,870,8,5,2008,1,0,1,0,0,2023-02-07
2023-02-08,Times Square,Sunday,16,Snowy,94,2046,4519,0,0,626,12,0,6565,1,1,1,1,1,2023-02-08
2023-02-09,Penn Station,Wednesday,15,Snowy,69,3179,1501,0,0,621,47,1,4680,0,0,1,0,2,2023-02-09
2023-02-10,Canal Street,Sunday,8,Cloudy,30,4254,1801,2,0,611,25,5,6055,1,1,0,1,0,2023-02-10
2023-02-11,Times Square,Friday,19,Snowy,47,3807,2330,0,1,936,37,3,6137,0,0,1,1,2,2023-02-11
2023-02-12,Atlantic Ave,Sunday,21,Sunny,89,377,4850,1,1,821,41,2,5227,1,0,0,1,1,2023-02-12
2023-02-13,Canal Street,Monday,15,Rainy,60,1849,4708,0,0,453,12,3,6557,0,0,1,1,3,2023-02-13
2023-02-14,Atlantic Ave,Friday,15,Cloudy,35,364,2984,0,0,341,38,4,3348,0,0,0,0,3,2023-02-14
2023-02-15,Brooklyn Bridge,Monday,17,Snowy,87,3595,3784,2,1,512,27,2,7379,0,1,1,1,2,2023-02-15
2023-02-16,Times Square,Tuesday,14,Cloudy,67,1184,3396,1,0,922,18,2,4580,0,0,0,0,1,2023-02-16
2023-02-17,Penn Station,Thursday,6,Snowy,75,2796,1923,0,1,88,23,3,4719,0,0,1,0,0,2023-02-17
2023-02-18,Columbus Circle,Monday,10,Cloudy,83,4926,4584,1,1,594,18,0,9510,0,0,0,1,2,2023-02-18
2023-02-19,Fulton Street,Friday,13,Rainy,78,1570,3853,1,0,944,48,2,5423,0,0,1,1,1,2023-02-19
2023-02-20,Union Square,Tuesday,16,Rainy,81,205,2029,1,1,947,12,4,2234,0,1,1,0,1,2023-02-20
2023-02-21,Grand Central,Monday,17,Sunny,30,1774,748,2,0,697,12,5,2522,0,1,0,0,0,2023-02-21
2023-02-22,Penn Station,Wednesday,6,Sunny,37,3393,1362,0,0,405,27,0,4755,0,0,0,0,2,2023-02-22
2023-02-23,Times Square,Sunday,16,Snowy,38,936,3012,2,1,617,1,0,3948,1,1,1,0,1,2023-02-23
2023-02-24,Fulton Street,Thursday,10,Rainy,74,3123,2988,0,1,866,9,0,6111,0,0,1,1,1,2023-02-24
2023-02-25,Penn Station,Monday,20,Cloudy,45,2855,4837,0,0,112,21,2,7692,0,0,0,1,3,2023-02-25
2023-02-26,Times Square,Tuesday,10,Cloudy,25,771,2350,2,1,411,12,0,3121,0,0,0,0,1,2023-02-26
2023-02-27,Wall Street,Wednesday,17,Cloudy,23,962,3247,1,0,984,8,3,4209,0,1,0,0,1,2023-02-27
2023-02-28,Wall Street,Saturday,10,Sunny,48,3407,176,1,1,233,32,0,3583,1,0,0,0,2,2023-02-28
2023-03-01,Atlantic Ave,Tuesday,22,Cloudy,78,920,1241,0,1,527,13,4,2161,0,0,0,0,0,2023-03-01
2023-03-02,Penn Station,Sunday,22,Sunny,36,4158,2689,2,0,643,47,1,6847,1,0,0,1,2,2023-03-02
2023-03-03,Wall Street,Tuesday,17,Sunny,62,547,4439,1,0,245,19,4,4986,0,1,0,0,3,2023-03-03
2023-03-04,Times Square,Wednesday,20,Snowy,85,1806,3966,1,0,436,14,2,5772,0,0,1,1,1,2023-03-04
2023-03-05,Atlantic Ave,Tuesday,20,Cloudy,53,1167,1416,0,1,125,31,0,2583,0,0,0,0,2,2023-03-05
2023-03-06,Times Square,Wednesday,11,Cloudy,27,3459,1069,0,0,172,32,0,4528,0,0,0,0,2,2023-03-06
2023-03-07,Atlantic Ave,Monday,17,Rainy,32,2878,4129,2,0,235,16,3,7007,0,1,1,1,3,2023-03-07
2023-03-08,Penn Station,Wednesday,23,Snowy,27,1697,4564,0,1,239,23,5,6261,0,0,1,1,3,2023-03-08
2023-03-09,Fulton Street,Wednesday,19,Rainy,84,3033,4589,1,1,191,29,0,7622,0,0,1,1,2,2023-03-09
2023-03-10,Columbus Circle,Thursday,7,Snowy,62,192,734,1,0,258,12,4,926,0,1,1,0,0,2023-03-10
2023-03-11,Canal Street,Wednesday,14,Cloudy,58,2811,3679,1,0,327,46,2,6490,0,0,0,1,2,2023-03-11
2023-03-12,Fulton Street,Wednesday,10,Sunny,78,3485,2937,1,0,974,47,1,6422,0,0,0,1,2,2023-03-12
2023-03-13,Brooklyn Bridge,Saturday,6,Sunny,63,4710,1512,2,0,219,15,0,6222,1,0,0,1,2,2023-03-13
2023-03-14,Times Square,Monday,8,Sunny,28,2481,4136,2,1,665,1,1,6617,0,1,0,1,1,2023-03-14
2023-03-15,Brooklyn Bridge,Sunday,11,Sunny,56,4562,2311,0,1,401,16,0,6873,1,0,0,1,2,2023-03-15
2023-03-16,Fulton Street,Thursday,10,Sunny,93,1898,4230,0,0,866,31,2,6128,0,0,0,1,1,2023-03-16
2023-03-17,Atlantic Ave,Saturday,10,Rainy,55,2746,2891,0,0,105,42,5,5637,1,0,1,1,3,2023-03-17
2023-03-18,Canal Street,Friday,6,Snowy,47,1767,1817,2,0,903,7,4,3584,0,0,1,0,0,2023-03-18
2023-03-19,Canal Street,Monday,22,Cloudy,61,3122,4230,1,1,867,2,2,7352,0,0,0,1,1,2023-03-19
2023-03-20,Grand Central,Monday,19,Rainy,62,1117,3610,0,0,765,11,1,4727,0,0,1,0,1,2023-03-20
2023-03-21,Canal Street,Friday,17,Snowy,61,2836,2162,1,0,95,19,0,4998,0,1,1,0,2,2023-03-21
2023-03-22,Columbus Circle,Sunday,15,Sunny,85,3841,4808,0,1,424,15,1,8649,1,0,0,1,3,2023-03-22
2023-03-23,Canal Street,Wednesday,23,Snowy,74,1338,676,0,1,403,13,4,2014,0,0,1,0,0,2023-03-23
2023-03-24,Fulton Street,Saturday,16,Snowy,91,3921,4209,0,0,705,15,2,8130,1,1,1,1,3,2023-03-24
2023-03-25,Grand Central,Tuesday,7,Sunny,67,1856,3464,0,0,642,48,1,5320,0,1,0,1,1,2023-03-25
2023-03-26,Fulton Street,Thursday,23,Sunny,41,1554,1425,0,1,853,42,1,2979,0,0,0,0,1,2023-03-26
2023-03-27,Fulton Street,Tuesday,12,Sunny,46,3358,1231,1,0,510,48,4,4589,0,0,0,0,0,2023-03-27
2023-03-28,Union Square,Friday,20,Cloudy,86,3001,540,0,0,613,32,0,3541,0,0,0,0,2,2023-03-28
2023-03-29,Grand Central,Monday,16,Sunny,32,121,3779,1,1,591,29,1,3900,0,1,0,0,1,2023-03-29
2023-03-30,Fulton Street,Sunday,23,Cloudy,64,1740,3584,2,1,925,11,4,5324,1,0,0,1,3,2023-03-30
2023-03-31,Union Square,Monday,17,Sunny,29,1394,3346,0,1,142,14,0,4740,0,1,0,0,1,2023-03-31
2023-04-01,Union Square,Thursday,11,Cloudy,28,3353,1990,1,0,800,17,5,5343,0,0,0,1,0,2023-04-01
2023-04-02,Grand Central,Monday,18,Snowy,73,3163,4458,2,1,658,27,0,7621,0,1,1,1,1,2023-04-02
2023-04-03,Brooklyn Bridge,Monday,21,Rainy,46,932,1932,2,1,323,22,5,2864,0,0,1,0,0,2023-04-03
2023-04-04,Atlantic Ave,Thursday,23,Snowy,53,4284,4958,2,0,708,13,2,9242,0,0,1,1,3,2023-04-04
2023-04-05,Columbus Circle,Saturday,15,Snowy,20,2712,3037,1,0,230,29,4,5749,1,0,1,1,3,2023-04-05
2023-04-06,Atlantic Ave,Saturday,13,Sunny,51,1554,3209,0,1,985,32,0,4763,1,0,0,0,1,2023-04-06
2023-04-07,Canal Street,Thursday,23,Cloudy,90,2513,4825,0,1,447,44,5,7338,0,0,0,1,3,2023-04-07
2023-04-08,Columbus Circle,Sunday,6,Rainy,86,2603,4580,1,0,55,14,5,7183,1,0,1,1,3,2023-04-08
2023-04-09,Canal Street,Friday,13,Sunny,39,782,731,0,0,799,6,2,1513,0,0,0,0,1,2023-04-09
2023-04-10,Fulton Street,Monday,11,Sunny,54,1798,1123,1,1,201,14,3,2921,0,0,0,0,0,2023-04-10
2023-04-11,Times Square,Sunday,10,Sunny,36,3974,2437,0,1,529,41,4,6411,1,0,0,1,3,2023-04-11
2023-04-12,Grand Central,Monday,20,Snowy,37,473,2444,2,0,388,45,3,2917,0,0,1,0,3,2023-04-12
2023-04-13,Columbus Circle,Friday,20,Cloudy,64,3528,2743,0,1,797,37,0,6271,0,0,0,1,2,2023-04-13
2023-04-14,Columbus Circle,Saturday,7,Cloudy,72,1641,1420,1,0,700,45,4,3061,1,1,0,0,0,2023-04-14
2023-04-15,Fulton Street,Sunday,6,Rainy,87,4535,4794,1,1,343,43,2,9329,1,0,1,1,2,2023-04-15
2023-04-16,Brooklyn Bridge,Wednesday,16,Cloudy,84,4487,4390,2,0,48,10,0,8877,0,1,0,1,2,2023-04-16
2023-04-17,Union Square,Wednesday,15,Cloudy,20,4759,2206,1,0,302,28,4,6965,0,0,0,1,2,2023-04-17
2023-04-18,Fulton Street,Wednesday,23,Sunny,77,542,2630,0,1,699,30,4,3172,0,0,0,0,3,2023-04-18
2023-04-19,Wall Street,Saturday,23,Sunny,45,241,4441,0,1,171,24,3,4682,1,0,0,0,3,2023-04-19
2023-04-20,Union Square,Saturday,22,Snowy,39,548,2209,2,0,340,23,0,2757,1,0,1,0,1,2023-04-20
2023-04-21,Grand Central,Friday,13,Sunny,29,4967,3298,1,1,895,18,2,8265,0,0,0,1,2,2023-04-21
2023-04-22,Union Square,Monday,20,Sunny,78,1306,3781,2,1,113,1,2,5087,0,0,0,1,3,2023-04-22
2023-04-23,Brooklyn Bridge,Friday,13,Sunny,94,2018,3879,0,1,170,21,0,5897,0,0,0,1,1,2023-04-23
2023-04-24,Union Square,Friday,22,Sunny,60,4372,1677,2,0,808,19,0,6049,0,0,0,1,2,2023-04-24
2023-04-25,Grand Central,Saturday,17,Snowy,24,2236,3522,1,1,644,32,5,5758,1,1,1,1,3,2023-04-25
2023-04-26,Brooklyn Bridge,Wednesday,13,Sunny,84,866,77,2,1,63,7,1,943,0,0,0,0,0,2023-04-26
2023-04-27,Atlantic Ave,Tuesday,19,Rainy,36,3270,2035,1,0,949,24,3,5305,0,0,1,1,0,2023-04-27
2023-04-28,Columbus Circle,Monday,9,Rainy,41,1523,4203,1,1,43,45,0,5726,0,1,1,1,2,2023-04-28
2023-04-29,Columbus Circle,Saturday,6,Rainy,60,1136,1571,0,1,251,8,0,2707,1,0,1,0,1,2023-04-29
2023-04-30,Canal Street,Wednesday,6,Rainy,87,4249,346,0,0,976,33,1,4595,0,0,1,0,2,2023-04-30
2023-05-01,Atlantic Ave,Sunday,21,Sunny,88,1924,2231,0,0,899,22,1,4155,1,0,0,0,1,2023-05-01
2023-05-02,Atlantic Ave,Tuesday,19,Rainy,30,920,3452,1,1,122,4,4,4372,0,0,1,0,3,2023-05-02
2023-05-03,Union Square,Tuesday,21,Sunny,75,4813,2346,2,1,327,24,2,7159,0,0,0,1,2,2023-05-03
2023-05-04,Columbus Circle,Saturday,10,Snowy,70,2092,2647,1,0,32,7,3,4739,1,0,1,0,0,2023-05-04
2023-05-05,Grand Central,Thursday,14,Rainy,40,322,951,0,0,567,15,4,1273,0,0,1,0,0,2023-05-05
2023-05-06,Penn Station,Monday,7,Cloudy,45,1079,1148,0,1,833,47,0,2227,0,1,0,0,1,2023-05-06
2023-05-07,Penn Station,Tuesday,23,Rainy,38,3268,1727,2,1,656,44,1,4995,0,0,1,0,2,2023-05-07
2023-05-08,Brooklyn Bridge,Saturday,11,Rainy,79,4119,2931,0,1,127,14,5,7050,1,0,1,1,3,2023-05-08
2023-05-09,Columbus Circle,Saturday,14,Sunny,90,1101,4916,0,0,994,0,2,6017,1,0,0,1,1,2023-05-09
2023-05-10,Columbus Circle,Wednesday,6,Rainy,66,4083,1428,0,1,710,21,4,5511,0,0,1,1,0,2023-05-10
2023-05-11,Penn Station,Sunday,14,Cloudy,90,1623,1298,2,0,652,2,5,2921,1,0,0,0,0,2023-05-11
2023-05-12,Columbus Circle,Thursday,21,Sunny,45,3240,3785,1,0,943,37,2,7025,0,0,0,1,1,2023-05-12
2023-05-13,Union Square,Monday,18,Sunny,59,4438,4291,0,0,221,13,5,8729,0,1,0,1,3,2023-05-13
2023-05-14,Wall Street,Friday,14,Snowy,24,3847,1314,2,1,427,35,1,5161,0,0,1,1,2,2023-05-14
2023-05-15,Times Square,Sunday,18,Snowy,40,3339,1957,0,1,122,17,4,5296,1,1,1,1,0,2023-05-15
2023-05-16,Atlantic Ave,Sunday,14,Rainy,23,3797,1108,2,1,53,46,4,4905,1,0,1,0,0,2023-05-16
2023-05-17,Canal Street,Wednesday,16,Snowy,42,2155,2799,0,0,137,40,2,4954,0,1,1,0,2,2023-05-17
2023-05-18,Brooklyn Bridge,Tuesday,9,Snowy,34,357,2098,2,1,885,17,5,2455,0,1,1,0,0,2023-05-18
2023-05-19,Wall Street,Tuesday,7,Snowy,27,3409,4298,0,0,167,2,1,7707,0,1,1,1,3,2023-05-19
2023-05-20,Penn Station,Wednesday,11,Sunny,60,3226,2526,1,0,794,9,0,5752,0,0,0,1,1,2023-05-20
2023-05-21,Atlantic Ave,Saturday,19,Sunny,38,1301,4066,0,0,836,48,4,5367,1,0,0,1,3,2023-05-21
2023-05-22,Columbus Circle,Tuesday,9,Sunny,65,2797,4653,2,0,403,38,0,7450,0,1,0,1,2,2023-05-22
2023-05-23,Canal Street,Thursday,11,Snowy,47,1567,3247,0,0,876,46,1,4814,0,0,1,0,1,2023-05-23
2023-05-24,Columbus Circle,Monday,11,Sunny,87,1428,4636,1,0,861,0,4,6064,0,0,0,1,3,2023-05-24
2023-05-25,Grand Central,Sunday,7,Snowy,34,4941,3603,0,1,521,26,4,8544,1,1,1,1,3,2023-05-25
2023-05-26,Grand Central,Sunday,23,Sunny,56,2011,4490,2,0,923,26,5,6501,1,0,0,1,3,2023-05-26
2023-05-27,Canal Street,Thursday,18,Sunny,20,4355,1811,2,1,54,10,0,6166,0,1,0,1,2,2023-05-27
2023-05-28,Canal Street,Tuesday,14,Cloudy,86,2913,270,1,0,117,48,5,3183,0,0,0,0,0,2023-05-28
2023-05-29,Penn Station,Sunday,18,Rainy,43,2706,4868,2,1,228,4,3,7574,1,1,1,1,3,2023-05-29
2023-05-30,Canal Street,Friday,16,Snowy,46,2544,4673,0,1,452,6,0,7217,0,1,1,1,1,2023-05-30
2023-05-31,Union Square,Monday,6,Cloudy,59,4617,2938,0,1,839,18,0,7555,0,0,0,1,2,2023-05-31
2023-06-01,Columbus Circle,Monday,12,Sunny,82,4055,1714,0,1,324,28,3,5769,0,0,0,1,2,2023-06-01
2023-06-02,Wall Street,Sunday,20,Snowy,80,3613,4036,2,0,186,14,1,7649,1,0,1,1,2,2023-06-02
2023-06-03,Fulton Street,Wednesday,6,Sunny,55,972,4626,0,0,237,34,1,5598,0,0,0,1,1,2023-06-03
2023-06-04,Canal Street,Sunday,17,Rainy,43,4282,3027,0,0,712,46,4,7309,1,1,1,1,3,2023-06-04
2023-06-05,Brooklyn Bridge,Wednesday,12,Cloudy,43,4512,1921,0,0,992,36,2,6433,0,0,0,1,2,2023-06-05
2023-06-06,Grand Central,Sunday,20,Rainy,23,3009,1512,1,1,681,11,5,4521,1,0,1,0,0,2023-06-06
2023-06-07,Union Square,Friday,6,Cloudy,86,233,394,2,1,915,29,2,627,0,0,0,0,1,2023-06-07
2023-06-08,Atlantic Ave,Saturday,22,Sunny,53,3408,94,2,1,276,19,4,3502,1,0,0,0,0,2023-06-08
2023-06-09,Fulton Street,Monday,22,Rainy,76,1448,2118,2,0,879,36,2,3566,0,0,1,0,1,2023-06-09
2023-06-10,Wall Street,Sunday,8,Rainy,68,2846,1564,1,1,847,2,0,4410,1,1,1,0,1,2023-06-10
2023-06-11,Fulton Street,Friday,17,Sunny,72,586,2648,2,0,388,8,0,3234,0,1,0,0,1,2023-06-11
2023-06-12,Canal Street,Wednesday,11,Rainy,42,1323,1051,1,1,498,40,3,2374,0,0,1,0,0,2023-06-12
2023-06-13,Penn Station,Wednesday,16,Snowy,88,3017,1083,1,1,711,38,3,4100,0,1,1,0,0,2023-06-13
2023-06-14,Grand Central,Monday,8,Cloudy,72,3099,2090,2,1,696,25,4,5189,0,1,0,1,0,2023-06-14
2023-06-15,Grand Central,Thursday,13,Cloudy,81,1146,323,0,1,299,1,4,1469,0,0,0,0,0,2023-06-15
2023-06-16,Atlantic Ave,Sunday,19,Cloudy,60,1355,2697,0,1,366,22,4,4052,1,0,0,0,3,2023-06-16
2023-06-17,Penn Station,Tuesday,19,Snowy,76,965,1829,2,0,666,22,0,2794,0,0,1,0,1,2023-06-17
2023-06-18,Columbus Circle,Wednesday,15,Cloudy,79,3131,4526,2,1,753,20,2,7657,0,0,0,1,1,2023-06-18
2023-06-19,Times Square,Saturday,7,Sunny,73,4297,528,1,0,881,15,5,4825,1,1,0,0,0,2023-06-19
2023-06-20,Union Square,Saturday,19,Rainy,89,1078,565,2,0,959,8,4,1643,1,0,1,0,0,2023-06-20
2023-06-21,Grand Central,Wednesday,14,Snowy,76,2027,4336,1,0,213,12,4,6363,0,0,1,1,3,2023-06-21
2023-06-22,Brooklyn Bridge,Thursday,8,Cloudy,29,3404,1241,2,0,222,27,0,4645,0,1,0,0,2,2023-06-22
2023-06-23,Grand Central,Thursday,13,Sunny,59,2561,2718,0,0,561,26,5,5279,0,0,0,1,3,2023-06-23
2023-06-24,Fulton Street,Friday,21,Rainy,26,320,1461,0,0,796,16,0,1781,0,0,1,0,1,2023-06-24
2023-06-25,Grand Central,Saturday,7,Rainy,57,1236,3330,2,0,332,37,5,4566,1,1,1,0,3,2023-06-25
2023-06-26,Grand Central,Friday,11,Snowy,80,4605,321,1,0,603,35,0,4926,0,0,1,0,2,2023-06-26
2023-06-27,Times Square,Saturday,17,Snowy,22,4250,192,0,1,190,0,2,4442,1,1,1,0,0,2023-06-27
2023-06-28,Times Square,Sunday,10,Snowy,70,3814,3382,1,1,508,17,4,7196,1,0,1,1,3,2023-06-28
2023-06-29,Wall Street,Sunday,7,Sunny,66,2448,837,2,0,329,8,1,3285,1,1,0,0,0,2023-06-29
2023-06-30,Columbus Circle,Tuesday,21,Sunny,87,4579,1731,2,0,92,12,1,6310,0,0,0,1,2,2023-06-30
2023-07-01,Brooklyn Bridge,Sunday,10,Snowy,57,4285,672,0,0,312,39,4,4957,1,0,1,0,0,2023-07-01
2023-07-02,Grand Central,Tuesday,20,Cloudy,55,4232,3891,2,1,271,44,4,8123,0,0,0,1,3,2023-07-02
2023-07-03,Grand Central,Sunday,17,Rainy,60,1761,3726,0,1,793,14,4,5487,1,1,1,1,3,2023-07-03
2023-07-04,Union Square,Monday,9,Rainy,88,2280,2622,1,0,209,42,4,4902,0,1,1,0,3,2023-07-04
2023-07-05,Times Square,Sunday,20,Sunny,32,178,3310,0,0,249,43,5,3488,1,0,0,0,3,2023-07-05
2023-07-06,Brooklyn Bridge,Friday,16,Rainy,77,1319,4762,0,1,923,45,2,6081,0,1,1,1,1,2023-07-06
2023-07-07,Atlantic Ave,Wednesday,21,Cloudy,69,3722,116,1,1,701,3,1,3838,0,0,0,0,0,2023-07-07
2023-07-08,Wall Street,Friday,11,Rainy,49,1651,4336,0,0,953,32,3,5987,0,0,1,1,1,2023-07-08
2023-07-09,Columbus Circle,Wednesday,19,Sunny,81,4815,4666,0,0,692,23,1,9481,0,0,0,1,2,2023-07-09
2023-07-10,Penn Station,Thursday,23,Sunny,44,4020,1190,2,0,304,35,1,5210,0,0,0,1,2,2023-07-10
2023-07-11,Columbus Circle,Friday,17,Cloudy,46,4294,2364,1,0,521,40,0,6658,0,1,0,1,2,2023-07-11
2023-07-12,Fulton Street,Thursday,16,Cloudy,70,4997,2582,0,1,698,9,4,7579,0,1,0,1,3,2023-07-12
2023-07-13,Grand Central,Tuesday,18,Rainy,76,677,3630,1,1,890,35,4,4307,0,1,1,0,3,2023-07-13
2023-07-14,Wall Street,Tuesday,16,Rainy,66,3847,1237,1,0,405,19,4,5084,0,1,1,1,0,2023-07-14
2023-07-15,Fulton Street,Monday,21,Sunny,58,2094,4521,0,0,758,40,0,6615,0,0,0,1,1,2023-07-15
2023-07-16,Brooklyn Bridge,Sunday,20,Cloudy,35,3602,4798,2,0,147,44,2,8400,1,0,0,1,3,2023-07-16
2023-07-17,Penn Station,Friday,20,Cloudy,41,2391,3389,1,1,848,43,2,5780,0,0,0,1,1,2023-07-17
2023-07-18,Times Square,Thursday,9,Cloudy,73,3264,598,0,0,887,10,3,3862,0,1,0,0,0,2023-07-18
2023-07-19,Wall Street,Wednesday,16,Rainy,40,299,4137,1,0,832,11,2,4436,0,1,1,0,1,2023-07-19
2023-07-20,Wall Street,Tuesday,20,Cloudy,91,2975,122,2,0,138,17,2,3097,0,0,0,0,0,2023-07-20
2023-07-21,Grand Central,Sunday,9,Sunny,35,1024,248,2,1,58,29,4,1272,1,1,0,0,0,2023-07-21
2023-07-22,Canal Street,Tuesday,18,Sunny,78,1375,3251,2,0,685,43,5,4626,0,1,0,0,3,2023-07-22
2023-07-23,Wall Street,Wednesday,7,Rainy,50,1033,1831,0,1,798,47,1,2864,0,1,1,0,1,2023-07-23
2023-07-24,Union Square,Sunday,19,Snowy,61,938,621,0,0,302,36,2,1559,1,0,1,0,0,2023-07-24
2023-07-25,Penn Station,Sunday,9,Rainy,93,2987,840,2,0,637,19,2,3827,1,1,1,0,0,2023-07-25
2023-07-26,Penn Station,Thursday,21,Snowy,51,2167,1688,0,0,545,24,0,3855,0,0,1,0,1,2023-07-26
2023-07-27,Union Square,Thursday,19,Cloudy,78,2722,1881,2,1,320,11,3,4603,0,0,0,0,0,2023-07-27
2023-07-28,Atlantic Ave,Friday,20,Rainy,53,1376,1905,0,0,546,20,5,3281,0,0,1,0,0,2023-07-28
2023-07-29,Union Square,Friday,8,Sunny,28,520,1224,2,0,912,24,0,1744,0,1,0,0,1,2023-07-29
2023-07-30,Union Square,Saturday,13,Cloudy,30,2037,3790,1,1,648,10,4,5827,1,0,0,1,3,2023-07-30
2023-07-31,Penn Station,Saturday,21,Sunny,29,140,3327,2,1,243,8,1,3467,1,0,0,0,1,2023-07-31
2023-08-01,Columbus Circle,Monday,15,Cloudy,36,579,228,2,1,218,49,3,807,0,0,0,0,0,2023-08-01
2023-08-02,Penn Station,Tuesday,9,Rainy,87,4806,2294,0,0,614,24,0,7100,0,1,1,1,2,2023-08-02
2023-08-03,Canal Street,Friday,23,Snowy,67,4109,4136,0,1,103,34,2,8245,0,0,1,1,2,2023-08-03
2023-08-04,Grand Central,Thursday,7,Cloudy,71,4884,784,0,0,336,31,2,5668,0,1,0,1,2,2023-08-04
2023-08-05,Fulton Street,Wednesday,22,Snowy,44,2823,848,0,1,234,48,3,3671,0,0,1,0,0,2023-08-05
2023-08-06,Columbus Circle,Thursday,18,Cloudy,40,1736,837,0,1,976,13,2,2573,0,1,0,0,1,2023-08-06
2023-08-07,Times Square,Tuesday,9,Sunny,84,241,2845,0,1,899,0,0,3086,0,1,0,0,1,2023-08-07
2023-08-08,Fulton Street,Saturday,16,Sunny,82,2036,4354,1,0,801,16,0,6390,1,1,0,1,1,2023-08-08
2023-08-09,Grand Central,Thursday,12,Cloudy,70,3673,4638,2,0,20,24,2,8311,0,0,0,1,3,2023-08-09
2023-08-10,Canal Street,Monday,17,Snowy,55,2235,3134,2,0,338,7,2,5369,0,1,1,1,1,2023-08-10
2023-08-11,Canal Street,Tuesday,15,Rainy,85,4490,2968,2,0,21,4,4,7458,0,0,1,1,3,2023-08-11
2023-08-12,Times Square,Saturday,12,Rainy,34,1058,781,1,0,44,4,1,1839,1,0,1,0,0,2023-08-12
2023-08-13,Columbus Circle,Wednesday,18,Sunny,58,3833,1179,2,0,456,40,3,5012,0,1,0,0,2,2023-08-13
2023-08-14,Atlantic Ave,Saturday,12,Rainy,89,4348,3496,1,0,461,34,0,7844,1,0,1,1,2,2023-08-14
2023-08-15,Union Square,Sunday,22,Sunny,20,4718,1655,1,0,749,18,3,6373,1,0,0,1,2,2023-08-15
2023-08-16,Columbus Circle,Monday,15,Rainy,42,4337,3828,1,0,229,22,4,8165,0,0,1,1,3,2023-08-16
2023-08-17,Atlantic Ave,Tuesday,15,Cloudy,58,2102,2795,2,1,450,8,0,4897,0,0,0,0,1,2023-08-17
2023-08-18,Canal Street,Wednesday,9,Sunny,76,3358,3220,1,1,662,29,4,6578,0,1,0,1,3,2023-08-18
2023-08-19,Penn Station,Monday,9,Sunny,53,1766,4739,2,0,544,49,4,6505,0,1,0,1,3,2023-08-19
2023-08-20,Grand Central,Saturday,12,Cloudy,60,360,2983,2,0,604,15,5,3343,1,0,0,0,3,2023-08-20
2023-08-21,Times Square,Monday,6,Sunny,92,4588,1265,0,0,238,32,2,5853,0,0,0,1,2,2023-08-21
2023-08-22,Grand Central,Tuesday,17,Rainy,32,1310,374,0,0,944,1,5,1684,0,1,1,0,0,2023-08-22
2023-08-23,Brooklyn Bridge,Friday,18,Rainy,89,3982,1900,1,1,353,13,3,5882,0,1,1,1,0,2023-08-23
2023-08-24,Brooklyn Bridge,Monday,15,Sunny,25,3318,1540,1,1,89,45,3,4858,0,0,0,0,2,2023-08-24
2023-08-25,Columbus Circle,Sunday,20,Rainy,71,634,943,2,0,362,0,2,1577,1,0,1,0,0,2023-08-25
2023-08-26,Canal Street,Monday,18,Snowy,22,2849,1440,1,1,405,25,5,4289,0,1,1,0,0,2023-08-26
2023-08-27,Canal Street,Saturday,14,Sunny,82,409,3439,1,1,299,24,3,3848,1,0,0,0,3,2023-08-27
2023-08-28,Union Square,Saturday,14,Cloudy,68,2916,4289,2,0,464,15,5,7205,1,0,0,1,3,2023-08-28
2023-08-29,Union Square,Wednesday,20,Snowy,66,2061,4529,1,0,852,14,2,6590,0,0,1,1,1,2023-08-29
2023-08-30,Union Square,Saturday,15,Sunny,74,4989,2313,1,0,680,25,0,7302,1,0,0,1,2,2023-08-30
2023-08-31,Penn Station,Thursday,15,Cloudy,83,4056,3482,2,0,998,46,4,7538,0,0,0,1,3,2023-08-31
2023-09-01,Fulton Street,Tuesday,13,Rainy,84,1675,2421,2,1,137,43,4,4096,0,0,1,0,3,2023-09-01
2023-09-02,Wall Street,Tuesday,21,Cloudy,86,2814,3136,0,0,711,15,5,5950,0,0,0,1,3,2023-09-02
2023-09-03,Fulton Street,Friday,22,Snowy,34,940,4362,2,1,918,13,3,5302,0,0,1,1,1,2023-09-03
2023-09-04,Grand Central,Friday,10,Rainy,51,781,1565,0,0,552,28,5,2346,0,0,1,0,0,2023-09-04
2023-09-05,Fulton Street,Tuesday,9,Sunny,87,4011,2967,1,1,907,23,5,6978,0,1,0,1,3,2023-09-05
2023-09-06,Penn Station,Sunday,23,Rainy,37,4751,2402,2,0,368,46,1,7153,1,0,1,1,2,2023-09-06
2023-09-07,Grand Central,Friday,9,Sunny,62,2554,1217,2,0,536,14,4,3771,0,1,0,0,0,2023-09-07
2023-09-08,Fulton Street,Wednesday,12,Sunny,54,664,160,2,1,322,18,2,824,0,0,0,0,0,2023-09-08
2023-09-09,Penn Station,Saturday,15,Cloudy,77,3856,4377,1,1,84,7,5,8233,1,0,0,1,3,2023-09-09
2023-09-10,Wall Street,Tuesday,23,Cloudy,52,1769,3705,0,1,555,33,1,5474,0,0,0,1,1,2023-09-10
2023-09-11,Fulton Street,Friday,9,Cloudy,33,4819,3843,1,0,880,1,1,8662,0,1,0,1,1,2023-09-11
2023-09-12,Penn Station,Tuesday,15,Snowy,53,1637,1805,1,1,205,26,4,3442,0,0,1,0,0,2023-09-12
2023-09-13,Union Square,Thursday,6,Snowy,80,1661,1627,2,1,852,9,4,3288,0,0,1,0,0,2023-09-13
2023-09-14,Canal Street,Monday,23,Cloudy,23,946,1346,0,1,38,34,4,2292,0,0,0,0,0,2023-09-14
2023-09-15,Union Square,Saturday,10,Snowy,78,327,3824,1,1,715,22,2,4151,1,0,1,0,1,2023-09-15
2023-09-16,Canal Street,Tuesday,20,Rainy,48,4697,2270,2,1,25,48,1,6967,0,0,1,1,2,2023-09-16
2023-09-17,Times Square,Monday,22,Rainy,25,1686,1022,1,1,432,7,3,2708,0,0,1,0,0,2023-09-17
2023-09-18,Times Square,Friday,8,Snowy,68,2208,1080,1,1,598,27,2,3288,0,1,1,0,0,2023-09-18
2023-09-19,Times Square,Monday,17,Snowy,59,2482,2643,2,1,814,22,0,5125,0,1,1,1,1,2023-09-19
2023-09-20,Wall Street,Saturday,7,Rainy,84,3954,4042,2,1,602,3,5,7996,1,1,1,1,3,2023-09-20
2023-09-21,Union Square,Tuesday,6,Sunny,88,4906,4663,0,0,414,13,4,9569,0,0,0,1,3,2023-09-21
2023-09-22,Canal Street,Thursday,22,Rainy,46,3312,963,1,0,949,41,1,4275,0,0,1,0,2,2023-09-22
2023-09-23,Penn Station,Sunday,21,Rainy,25,1499,2231,2,1,645,28,5,3730,1,0,1,0,0,2023-09-23
2023-09-24,Grand Central,Friday,10,Snowy,32,4550,3247,2,0,540,0,2,7797,0,0,1,1,2,2023-09-24
2023-09-25,Penn Station,Tuesday,20,Rainy,83,1282,1512,0,0,976,3,0,2794,0,0,1,0,1,2023-09-25
2023-09-26,Grand Central,Saturday,8,Snowy,81,4167,2428,0,1,623,31,2,6595,1,1,1,1,2,2023-09-26
2023-09-27,Brooklyn Bridge,Friday,12,Snowy,38,727,3504,2,1,913,32,2,4231,0,0,1,0,1,2023-09-27
2023-09-28,Penn Station,Wednesday,16,Cloudy,62,2708,3603,0,1,86,48,3,6311,0,1,0,1,3,2023-09-28
2023-09-29,Fulton Street,Monday,15,Rainy,93,2078,1357,2,1,238,25,5,3435,0,0,1,0,0,2023-09-29
2023-09-30,Fulton Street,Sunday,14,Sunny,39,3808,1239,1,1,971,16,3,5047,1,0,0,0,0,2023-09-30
2023-10-01,Columbus Circle,Saturday,19,Cloudy,87,4674,737,0,1,306,38,2,5411,1,0,0,1,2,2023-10-01
2023-10-02,Union Square,Wednesday,18,Snowy,63,2087,4711,1,0,519,22,0,6798,0,1,1,1,1,2023-10-02
2023-10-03,Grand Central,Tuesday,7,Snowy,42,2699,1257,1,1,724,31,1,3956,0,1,1,0,2,2023-10-03
2023-10-04,Grand Central,Thursday,8,Sunny,21,706,1944,1,0,993,14,1,2650,0,1,0,0,1,2023-10-04
2023-10-05,Union Square,Friday,12,Snowy,41,215,4972,2,1,975,12,5,5187,0,0,1,1,3,2023-10-05
2023-10-06,Wall Street,Monday,23,Rainy,76,4994,1861,1,1,582,1,4,6855,0,0,1,1,0,2023-10-06
2023-10-07,Columbus Circle,Friday,8,Cloudy,91,4641,3233,1,0,547,18,4,7874,0,1,0,1,3,2023-10-07
2023-10-08,Wall Street,Sunday,15,Snowy,26,639,3847,1,1,592,23,1,4486,1,0,1,0,1,2023-10-08
2023-10-09,Wall Street,Tuesday,12,Snowy,75,4574,1694,2,1,624,44,2,6268,0,0,1,1,2,2023-10-09
2023-10-10,Wall Street,Friday,14,Sunny,86,2871,4018,1,0,988,23,2,6889,0,0,0,1,1,2023-10-10
2023-10-11,Union Square,Monday,22,Rainy,35,4308,2766,1,1,335,10,3,7074,0,0,1,1,3,2023-10-11
2023-10-12,Wall Street,Tuesday,16,Snowy,70,1312,240,0,0,372,21,5,1552,0,1,1,0,0,2023-10-12
2023-10-13,Fulton Street,Friday,12,Sunny,91,121,1385,2,1,678,14,3,1506,0,0,0,0,0,2023-10-13
2023-10-14,Times Square,Thursday,19,Snowy,31,3566,4853,1,1,884,9,4,8419,0,0,1,1,3,2023-10-14
2023-10-15,Brooklyn Bridge,Saturday,9,Sunny,72,4800,3156,0,0,368,40,1,7956,1,1,0,1,2,2023-10-15
2023-10-16,Grand Central,Tuesday,11,Sunny,94,3630,428,2,1,715,26,2,4058,0,0,0,0,2,2023-10-16
2023-10-17,Grand Central,Saturday,15,Rainy,24,318,4532,2,0,796,8,1,4850,1,0,1,0,1,2023-10-17
2023-10-18,Brooklyn Bridge,Tuesday,12,Snowy,46,1826,3879,2,0,333,27,0,5705,0,0,1,1,1,2023-10-18
2023-10-19,Union Square,Thursday,18,Rainy,31,2512,665,2,0,707,0,1,3177,0,1,1,0,1,2023-10-19
2023-10-20,Penn Station,Saturday,19,Sunny,36,1318,2380,2,1,335,16,0,3698,1,0,0,0,1,2023-10-20
2023-10-21,Union Square,Wednesday,9,Cloudy,25,1065,1804,2,1,634,30,3,2869,0,1,0,0,0,2023-10-21
2023-10-22,Grand Central,Monday,13,Snowy,24,2772,513,1,0,834,43,3,3285,0,0,1,0,0,2023-10-22
2023-10-23,Grand Central,Wednesday,10,Cloudy,76,1133,1016,1,1,174,9,4,2149,0,0,0,0,0,2023-10-23
2023-10-24,Brooklyn Bridge,Friday,6,Snowy,47,4151,4317,1,1,582,36,1,8468,0,0,1,1,2,2023-10-24
2023-10-25,Wall Street,Thursday,9,Rainy,88,456,3208,1,1,613,28,1,3664,0,1,1,0,1,2023-10-25
2023-10-26,Union Square,Wednesday,8,Rainy,78,3126,3674,0,0,807,17,0,6800,0,1,1,1,1,2023-10-26
2023-10-27,Canal Street,Tuesday,14,Rainy,52,1035,4988,1,1,464,46,3,6023,0,0,1,1,3,2023-10-27
2023-10-28,Brooklyn Bridge,Friday,13,Rainy,81,3653,739,2,0,978,37,0,4392,0,0,1,0,2,2023-10-28
2023-10-29,Fulton Street,Friday,6,Rainy,69,4535,2672,1,1,162,38,3,7207,0,0,1,1,2,2023-10-29
2023-10-30,Grand Central,Wednesday,11,Cloudy,38,759,2262,1,1,746,48,0,3021,0,0,0,0,1,2023-10-30
2023-10-31,Brooklyn Bridge,Wednesday,14,Rainy,88,2668,432,2,0,136,5,3,3100,0,0,1,0,0,2023-10-31
2023-11-01,Union Square,Thursday,12,Sunny,85,4899,2306,1,1,202,39,0,7205,0,0,0,1,2,2023-11-01
2023-11-02,Grand Central,Monday,9,Sunny,66,1461,3860,1,0,636,11,3,5321,0,1,0,1,1,2023-11-02
2023-11-03,Penn Station,Wednesday,18,Cloudy,58,4671,3553,1,1,783,13,5,8224,0,1,0,1,3,2023-11-03
2023-11-04,Brooklyn Bridge,Sunday,22,Snowy,87,1535,1462,0,0,539,43,0,2997,1,0,1,0,2,2023-11-04
2023-11-05,Columbus Circle,Wednesday,7,Sunny,52,3000,1633,1,1,19,9,1,4633,0,1,0,0,2,2023-11-05
2023-11-06,Grand Central,Saturday,10,Snowy,32,4701,421,2,1,101,19,4,5122,1,0,1,1,0,2023-11-06
2023-11-07,Union Square,Tuesday,17,Cloudy,73,2984,660,2,1,148,14,5,3644,0,1,0,0,0,2023-11-07
2023-11-08,Times Square,Sunday,13,Snowy,26,4164,165,1,0,490,30,5,4329,1,0,1,0,0,2023-11-08
2023-11-09,Canal Street,Sunday,11,Snowy,33,4720,496,1,0,458,6,0,5216,1,0,1,1,2,2023-11-09
2023-11-10,Atlantic Ave,Saturday,13,Snowy,38,1053,1441,1,0,342,40,4,2494,1,0,1,0,0,2023-11-10
2023-11-11,Wall Street,Saturday,23,Snowy,73,2516,3374,2,1,878,9,1,5890,1,0,1,1,1,2023-11-11
2023-11-12,Atlantic Ave,Friday,8,Cloudy,39,2516,1390,2,0,349,9,5,3906,0,1,0,0,0,2023-11-12
2023-11-13,Union Square,Monday,17,Sunny,48,1988,4560,0,0,970,47,1,6548,0,1,0,1,1,2023-11-13
2023-11-14,Fulton Street,Tuesday,8,Rainy,43,1989,2989,0,0,61,38,3,4978,0,1,1,0,3,2023-11-14
2023-11-15,Fulton Street,Thursday,11,Snowy,82,1685,3749,0,0,716,27,4,5434,0,0,1,1,3,2023-11-15
2023-11-16,Times Square,Sunday,7,Sunny,93,1748,1123,2,0,475,29,2,2871,1,1,0,0,0,2023-11-16
2023-11-17,Wall Street,Thursday,17,Sunny,76,4577,4863,0,0,727,36,3,9440,0,1,0,1,3,2023-11-17
2023-11-18,Columbus Circle,Wednesday,7,Cloudy,27,2141,3619,1,0,808,2,4,5760,0,1,0,1,3,2023-11-18
2023-11-19,Times Square,Wednesday,11,Sunny,81,1945,3200,1,0,484,49,0,5145,0,0,0,1,2,2023-11-19
2023-11-20,Atlantic Ave,Thursday,22,Cloudy,48,4290,1655,2,0,410,42,0,5945,0,0,0,1,2,2023-11-20
2023-11-21,Times Square,Wednesday,8,Snowy,93,3448,4707,0,0,448,14,1,8155,0,1,1,1,1,2023-11-21
2023-11-22,Atlantic Ave,Monday,7,Snowy,36,1123,2344,1,1,887,20,5,3467,0,1,1,0,0,2023-11-22
2023-11-23,Grand Central,Saturday,13,Rainy,85,2452,3712,2,1,614,36,2,6164,1,0,1,1,3,2023-11-23
2023-11-24,Fulton Street,Wednesday,17,Rainy,25,4945,4532,0,0,941,11,0,9477,0,1,1,1,1,2023-11-24
2023-11-25,Grand Central,Friday,9,Rainy,77,3262,4847,1,1,931,3,4,8109,0,1,1,1,3,2023-11-25
2023-11-26,Canal Street,Wednesday,10,Sunny,88,4087,1033,0,1,830,46,5,5120,0,0,0,1,0,2023-11-26
2023-11-27,Wall Street,Tuesday,18,Snowy,47,1201,401,2,0,666,8,5,1602,0,1,1,0,0,2023-11-27
2023-11-28,Columbus Circle,Monday,20,Cloudy,81,2495,1774,0,0,607,38,4,4269,0,0,0,0,0,2023-11-28
2023-11-29,Atlantic Ave,Tuesday,21,Rainy,60,2006,2001,2,0,518,41,5,4007,0,0,1,0,0,2023-11-29
2023-11-30,Columbus Circle,Tuesday,15,Cloudy,88,4608,1329,0,1,162,27,0,5937,0,0,0,1,2,2023-11-30
2023-12-01,Atlantic Ave,Friday,21,Cloudy,60,3957,1957,1,0,523,22,4,5914,0,0,0,1,0,2023-12-01
2023-12-02,Union Square,Monday,17,Rainy,68,857,4898,2,1,512,44,4,5755,0,1,1,1,3,2023-12-02
2023-12-03,Times Square,Monday,22,Snowy,68,236,1074,2,0,863,39,1,1310,0,0,1,0,1,2023-12-03
2023-12-04,Canal Street,Monday,21,Rainy,90,4877,595,2,1,910,43,2,5472,0,0,1,1,2,2023-12-04
2023-12-05,Fulton Street,Monday,17,Cloudy,22,4574,4224,0,1,781,21,1,8798,0,1,0,1,2,2023-12-05
2023-12-06,Atlantic Ave,Monday,13,Rainy,29,1357,2431,0,0,685,23,2,3788,0,0,1,0,1,2023-12-06
2023-12-07,Columbus Circle,Friday,8,Cloudy,54,2334,938,1,0,15,25,4,3272,0,1,0,0,0,2023-12-07
2023-12-08,Canal Street,Wednesday,21,Cloudy,21,4916,1155,2,1,509,29,5,6071,0,0,0,1,0,2023-12-08
2023-12-09,Penn Station,Tuesday,18,Rainy,43,807,2599,2,1,670,32,2,3406,0,1,1,0,1,2023-12-09
2023-12-10,Penn Station,Monday,13,Sunny,93,4281,2040,0,0,726,15,4,6321,0,0,0,1,0,2023-12-10
2023-12-11,Grand Central,Sunday,10,Rainy,57,4937,4048,0,0,127,21,4,8985,1,0,1,1,3,2023-12-11
2023-12-12,Fulton Street,Wednesday,13,Sunny,41,3904,3825,1,1,494,48,1,7729,0,0,0,1,2,2023-12-12
2023-12-13,Union Square,Wednesday,17,Cloudy,45,4316,2862,1,0,610,49,1,7178,0,1,0,1,2,2023-12-13
2023-12-14,Columbus Circle,Tuesday,6,Cloudy,62,2256,970,0,1,675,42,5,3226,0,0,0,0,0,2023-12-14
2023-12-15,Times Square,Friday,11,Sunny,74,3608,4695,2,0,960,17,3,8303,0,0,0,1,3,2023-12-15
2023-12-16,Times Square,Thursday,23,Cloudy,58,1630,2111,1,0,688,6,0,3741,0,0,0,0,1,2023-12-16
2023-12-17,Columbus Circle,Thursday,13,Sunny,48,1011,4537,0,0,477,49,3,5548,0,0,0,1,3,2023-12-17
2023-12-18,Wall Street,Wednesday,12,Sunny,39,3897,3689,0,1,170,25,3,7586,0,0,0,1,3,2023-12-18
2023-12-19,Union Square,Saturday,6,Cloudy,60,3625,3215,2,0,279,7,5,6840,1,0,0,1,3,2023-12-19
2023-12-20,Canal Street,Saturday,21,Snowy,73,925,4485,0,1,65,5,2,5410,1,0,1,1,3,2023-12-20
2023-12-21,Atlantic Ave,Tuesday,17,Sunny,39,2468,2694,0,0,237,29,5,5162,0,1,0,1,3,2023-12-21
2023-12-22,Wall Street,Thursday,11,Rainy,38,4248,4902,1,1,858,38,5,9150,0,0,1,1,3,2023-12-22
2023-12-23,Atlantic Ave,Wednesday,7,Rainy,85,1051,1095,0,1,158,22,4,2146,0,1,1,0,0,2023-12-23
2023-12-24,Atlantic Ave,Friday,19,Cloudy,49,3434,3606,0,0,55,31,4,7040,0,0,0,1,3,2023-12-24
2023-12-25,Wall Street,Thursday,9,Snowy,72,4116,2731,1,1,153,21,4,6847,0,1,1,1,3,2023-12-25
2023-12-26,Grand Central,Wednesday,6,Cloudy,53,2895,3249,2,1,759,41,0,6144,0,0,0,1,2,2023-12-26
2023-12-27,Penn Station,Wednesday,23,Snowy,41,1531,988,2,1,793,42,2,2519,0,0,1,0,0,2023-12-27
2023-12-28,Atlantic Ave,Monday,18,Sunny,86,3351,4993,1,1,641,44,2,8344,0,1,0,1,3,2023-12-28
2023-12-29,Wall Street,Friday,7,Sunny,25,707,491,1,0,349,8,4,1198,0,1,0,0,0,2023-12-29
2023-12-30,Wall Street,Monday,14,Sunny,46,2830,2600,2,0,422,30,3,5430,0,0,0,1,3,2023-12-30
2023-12-31,Brooklyn Bridge,Tuesday,7,Sunny,29,472,4275,2,0,741,6,0,4747,0,1,0,0,1,2023-12-31
2024-01-01,Grand Central,Monday,14,Rainy,92,3731,646,2,1,529,8,3,4377,0,0,1,0,0,2024-01-01
2024-01-02,Fulton Street,Sunday,6,Rainy,67,4316,1555,2,1,353,12,1,5871,1,0,1,1,2,2024-01-02
2024-01-03,Brooklyn Bridge,Monday,16,Cloudy,89,2760,911,2,0,396,2,2,3671,0,1,0,0,0,2024-01-03
2024-01-04,Brooklyn Bridge,Sunday,8,Snowy,78,502,2690,1,0,482,34,2,3192,1,1,1,0,1,2024-01-04
2024-01-05,Columbus Circle,Thursday,9,Sunny,78,2447,3781,0,1,284,32,3,6228,0,1,0,1,3,2024-01-05
2024-01-06,Penn Station,Saturday,23,Sunny,21,2025,1601,2,0,362,20,0,3626,1,0,0,0,1,2024-01-06
2024-01-07,Wall Street,Wednesday,11,Snowy,48,1707,3286,2,0,75,30,2,4993,0,0,1,0,3,2024-01-07
2024-01-08,Penn Station,Sunday,8,Snowy,87,2591,1786,0,1,88,33,3,4377,1,1,1,0,0,2024-01-08
2024-01-09,Union Square,Friday,16,Cloudy,84,3125,1499,0,0,607,31,5,4624,0,1,0,0,0,2024-01-09
2024-01-10,Columbus Circle,Monday,20,Snowy,45,3214,314,0,1,645,34,5,3528,0,0,1,0,0,2024-01-10
2024-01-11,Fulton Street,Sunday,10,Sunny,29,3016,2709,0,0,211,14,0,5725,1,0,0,1,2,2024-01-11
2024-01-12,Penn Station,Friday,15,Sunny,72,2103,2771,0,1,987,31,3,4874,0,0,0,0,1,2024-01-12
2024-01-13,Times Square,Saturday,17,Sunny,78,337,1512,0,1,671,5,5,1849,1,1,0,0,0,2024-01-13
2024-01-14,Atlantic Ave,Saturday,20,Sunny,41,3267,4302,1,1,567,44,0,7569,1,0,0,1,2,2024-01-14
2024-01-15,Union Square,Monday,22,Sunny,70,3904,1495,0,1,122,20,4,5399,0,0,0,1,0,2024-01-15
2024-01-16,Grand Central,Tuesday,15,Cloudy,67,1497,2348,0,1,100,32,0,3845,0,0,0,0,2,2024-01-16
2024-01-17,Fulton Street,Monday,11,Sunny,40,657,2975,1,0,150,31,1,3632,0,0,0,0,1,2024-01-17
2024-01-18,Union Square,Thursday,23,Cloudy,41,4602,1682,0,0,298,18,4,6284,0,0,0,1,0,2024-01-18
2024-01-19,Atlantic Ave,Sunday,18,Sunny,49,1814,2424,2,0,910,32,3,4238,1,1,0,0,1,2024-01-19
2024-01-20,Columbus Circle,Wednesday,8,Rainy,44,1275,562,2,1,739,27,4,1837,0,1,1,0,0,2024-01-20
2024-01-21,Atlantic Ave,Tuesday,15,Rainy,47,1285,265,0,0,598,30,4,1550,0,0,1,0,0,2024-01-21
2024-01-22,Brooklyn Bridge,Monday,19,Rainy,84,1079,3381,1,1,420,20,3,4460,0,0,1,0,3,2024-01-22
2024-01-23,Atlantic Ave,Friday,11,Rainy,64,2721,2222,2,1,386,33,3,4943,0,0,1,0,0,2024-01-23
2024-01-24,Brooklyn Bridge,Tuesday,8,Cloudy,87,4012,3203,1,0,393,14,5,7215,0,1,0,1,3,2024-01-24
2024-01-25,Columbus Circle,Sunday,21,Cloudy,26,4592,1756,2,1,855,13,1,6348,1,0,0,1,2,2024-01-25
2024-01-26,Canal Street,Tuesday,12,Snowy,68,4980,2156,0,0,161,18,3,7136,0,0,1,1,2,2024-01-26
2024-01-27,Brooklyn Bridge,Sunday,19,Sunny,28,3227,1617,1,1,844,42,2,4844,1,0,0,0,2,2024-01-27
2024-01-28,Grand Central,Monday,14,Rainy,55,3772,2258,1,1,760,14,2,6030,0,0,1,1,2,2024-01-28
2024-01-29,Atlantic Ave,Sunday,20,Cloudy,20,4956,2381,1,0,636,5,1,7337,1,0,0,1,2,2024-01-29
2024-01-30,Atlantic Ave,Tuesday,8,Sunny,29,1525,2203,2,1,328,8,0,3728,0,1,0,0,1,2024-01-30
2024-01-31,Grand Central,Friday,7,Sunny,55,2946,1178,2,0,378,36,0,4124,0,1,0,0,2,2024-01-31
2024-02-01,Times Square,Saturday,7,Cloudy,92,858,3560,2,1,615,19,2,4418,1,1,0,0,1,2024-02-01
2024-02-02,Wall Street,Tuesday,8,Rainy,65,1028,4373,0,0,569,33,3,5401,0,1,1,1,3,2024-02-02
2024-02-03,Canal Street,Sunday,23,Snowy,51,2513,3703,2,1,712,37,1,6216,1,0,1,1,1,2024-02-03
2024-02-04,Fulton Street,Saturday,19,Sunny,51,775,2415,0,0,471,25,0,3190,1,0,0,0,1,2024-02-04
2024-02-05,Brooklyn Bridge,Sunday,23,Snowy,25,2551,4947,1,0,21,17,0,7498,1,0,1,1,2,2024-02-05
2024-02-06,Grand Central,Friday,15,Rainy,67,3412,2971,1,1,165,27,4,6383,0,0,1,1,3,2024-02-06
2024-02-07,Columbus Circle,Sunday,7,Rainy,57,1266,4617,0,0,693,8,2,5883,1,1,1,1,1,2024-02-07
2024-02-08,Brooklyn Bridge,Monday,6,Snowy,36,4101,1129,2,1,486,31,3,5230,0,0,1,1,2,2024-02-08
2024-02-09,Wall Street,Wednesday,9,Rainy,93,2247,3561,0,1,948,5,1,5808,0,1,1,1,1,2024-02-09
2024-02-10,Columbus Circle,Tuesday,19,Sunny,46,2856,2791,1,0,410,13,0,5647,0,0,0,1,1,2024-02-10
2024-02-11,Union Square,Wednesday,6,Snowy,73,828,3070,1,0,817,27,4,3898,0,0,1,0,3,2024-02-11
2024-02-12,Atlantic Ave,Sunday,19,Rainy,69,1022,278,0,0,186,23,2,1300,1,0,1,0,0,2024-02-12
2024-02-13,Union Square,Friday,21,Snowy,54,2860,220,2,0,350,12,2,3080,0,0,1,0,0,2024-02-13
2024-02-14,Brooklyn Bridge,Tuesday,19,Sunny,44,2173,344,2,0,66,42,1,2517,0,0,0,0,2,2024-02-14
2024-02-15,Wall Street,Sunday,8,Rainy,47,648,4334,0,1,864,11,0,4982,1,1,1,0,1,2024-02-15
2024-02-16,Canal Street,Saturday,8,Sunny,34,3391,475,0,0,861,18,1,3866,1,1,0,0,2,2024-02-16
2024-02-17,Brooklyn Bridge,Thursday,14,Rainy,23,274,968,2,1,457,20,1,1242,0,0,1,0,1,2024-02-17
2024-02-18,Grand Central,Sunday,11,Cloudy,92,890,3303,1,0,212,26,5,4193,1,0,0,0,3,2024-02-18
2024-02-19,Penn Station,Wednesday,18,Rainy,46,1864,548,0,0,706,18,4,2412,0,1,1,0,0,2024-02-19
2024-02-20,Brooklyn Bridge,Tuesday,7,Snowy,45,4859,2859,2,0,642,23,2,7718,0,1,1,1,2,2024-02-20
2024-02-21,Atlantic Ave,Wednesday,13,Rainy,38,1156,875,2,1,747,25,5,2031,0,0,1,0,0,2024-02-21
2024-02-22,Atlantic Ave,Tuesday,7,Sunny,36,174,3829,1,0,211,44,3,4003,0,1,0,0,3,2024-02-22
2024-02-23,Brooklyn Bridge,Sunday,9,Sunny,62,3296,1908,1,1,339,27,2,5204,1,1,0,1,2,2024-02-23
2024-02-24,Columbus Circle,Monday,20,Rainy,60,2981,2168,1,1,372,45,2,5149,0,0,1,1,2,2024-02-24
2024-02-25,Penn Station,Saturday,9,Snowy,61,4175,195,1,1,901,17,4,4370,1,1,1,0,0,2024-02-25
2024-02-26,Grand Central,Sunday,18,Cloudy,69,3021,4615,1,0,463,43,3,7636,1,1,0,1,3,2024-02-26
2024-02-27,Brooklyn Bridge,Wednesday,17,Snowy,59,2067,3627,0,1,365,35,0,5694,0,1,1,1,2,2024-02-27
2024-02-28,Columbus Circle,Thursday,18,Cloudy,58,2465,242,2,0,225,41,3,2707,0,1,0,0,0,2024-02-28
2024-02-29,Atlantic Ave,Thursday,19,Sunny,42,4640,3938,0,1,981,28,0,8578,0,0,0,1,2,2024-02-29
2024-03-01,Atlantic Ave,Friday,23,Snowy,71,3146,101,0,0,564,16,3,3247,0,0,1,0,0,2024-03-01
2024-03-02,Wall Street,Tuesday,11,Cloudy,66,1659,2460,0,1,896,3,1,4119,0,0,0,0,1,2024-03-02
2024-03-03,Brooklyn Bridge,Wednesday,16,Rainy,82,767,1870,0,0,32,43,3,2637,0,1,1,0,0,2024-03-03
2024-03-04,Penn Station,Friday,7,Sunny,88,3611,3014,0,0,164,44,5,6625,0,1,0,1,3,2024-03-04
2024-03-05,Times Square,Wednesday,10,Rainy,62,1066,2571,1,0,195,28,5,3637,0,0,1,0,3,2024-03-05
2024-03-06,Penn Station,Tuesday,7,Sunny,67,3615,1919,1,1,258,3,4,5534,0,1,0,1,0,2024-03-06
2024-03-07,Atlantic Ave,Sunday,15,Snowy,53,4751,2618,2,1,758,9,0,7369,1,0,1,1,2,2024-03-07
2024-03-08,Atlantic Ave,Sunday,7,Snowy,59,4520,1917,0,0,814,24,2,6437,1,1,1,1,2,2024-03-08
2024-03-09,Union Square,Thursday,16,Sunny,94,2010,2788,2,1,143,30,4,4798,0,1,0,0,3,2024-03-09
2024-03-10,Atlantic Ave,Sunday,23,Sunny,80,1098,3319,1,1,330,2,5,4417,1,0,0,0,3,2024-03-10
2024-03-11,Grand Central,Sunday,20,Sunny,69,1407,3249,1,1,399,46,5,4656,1,0,0,0,3,2024-03-11
2024-03-12,Fulton Street,Monday,14,Snowy,86,3476,2629,1,1,443,1,0,6105,0,0,1,1,1,2024-03-12
2024-03-13,Brooklyn Bridge,Thursday,14,Cloudy,81,165,4055,0,1,31,24,5,4220,0,0,0,0,3,2024-03-13
2024-03-14,Penn Station,Friday,8,Rainy,77,2145,4985,0,1,882,48,5,7130,0,1,1,1,3,2024-03-14
2024-03-15,Fulton Street,Saturday,14,Rainy,52,1851,290,1,1,609,5,0,2141,1,0,1,0,1,2024-03-15
2024-03-16,Columbus Circle,Monday,19,Snowy,94,2196,3490,2,0,674,25,5,5686,0,0,1,1,3,2024-03-16
2024-03-17,Times Square,Friday,12,Rainy,35,1670,4681,2,0,134,7,2,6351,0,0,1,1,3,2024-03-17
2024-03-18,Grand Central,Tuesday,21,Sunny,67,4830,1457,1,1,88,34,1,6287,0,0,0,1,2,2024-03-18
2024-03-19,Penn Station,Monday,21,Cloudy,29,3000,3552,2,0,867,26,4,6552,0,0,0,1,3,2024-03-19
2024-03-20,Fulton Street,Friday,6,Rainy,57,3842,4088,1,0,977,24,2,7930,0,0,1,1,1,2024-03-20
2024-03-21,Times Square,Tuesday,9,Cloudy,38,2991,132,2,0,60,17,2,3123,0,1,0,0,0,2024-03-21
2024-03-22,Union Square,Thursday,9,Sunny,55,4955,3818,1,1,737,0,1,8773,0,1,0,1,2,2024-03-22
2024-03-23,Grand Central,Saturday,12,Rainy,78,1027,1000,2,1,185,47,4,2027,1,0,1,0,0,2024-03-23
2024-03-24,Grand Central,Tuesday,13,Snowy,82,3116,660,0,1,879,38,2,3776,0,0,1,0,2,2024-03-24
2024-03-25,Union Square,Sunday,22,Cloudy,65,833,4719,1,1,262,2,5,5552,1,0,0,1,3,2024-03-25
2024-03-26,Brooklyn Bridge,Wednesday,10,Sunny,22,290,3655,1,1,975,3,1,3945,0,0,0,0,1,2024-03-26
2024-03-27,Union Square,Tuesday,12,Cloudy,93,1603,4604,2,0,255,40,4,6207,0,0,0,1,3,2024-03-27
2024-03-28,Grand Central,Tuesday,9,Rainy,84,4628,3333,1,1,748,36,3,7961,0,1,1,1,2,2024-03-28
2024-03-29,Grand Central,Saturday,11,Rainy,27,1062,2223,1,0,115,14,0,3285,1,0,1,0,1,2024-03-29
2024-03-30,Fulton Street,Wednesday,12,Snowy,70,236,3534,1,1,202,7,5,3770,0,0,1,0,3,2024-03-30
2024-03-31,Atlantic Ave,Sunday,23,Sunny,92,1931,1572,0,0,325,37,1,3503,1,0,0,0,2,2024-03-31
2024-04-01,Times Square,Friday,10,Sunny,25,4636,2651,0,1,311,49,0,7287,0,0,0,1,2,2024-04-01
2024-04-02,Union Square,Friday,8,Snowy,58,480,2707,2,1,557,18,3,3187,0,1,1,0,1,2024-04-02
2024-04-03,Times Square,Tuesday,12,Snowy,79,288,2209,0,1,963,46,2,2497,0,0,1,0,1,2024-04-03
2024-04-04,Union Square,Wednesday,19,Sunny,47,2395,2499,2,1,725,25,2,4894,0,0,0,0,1,2024-04-04
2024-04-05,Columbus Circle,Wednesday,12,Cloudy,73,125,3880,0,1,943,38,4,4005,0,0,0,0,3,2024-04-05
2024-04-06,Grand Central,Sunday,10,Cloudy,56,1406,171,2,1,788,9,1,1577,1,0,0,0,1,2024-04-06
2024-04-07,Atlantic Ave,Saturday,10,Snowy,28,4972,4418,0,0,277,37,1,9390,1,0,1,1,2,2024-04-07
2024-04-08,Fulton Street,Thursday,7,Cloudy,75,2380,1367,0,1,179,13,4,3747,0,1,0,0,0,2024-04-08
2024-04-09,Atlantic Ave,Friday,11,Sunny,78,4736,4543,2,0,560,48,0,9279,0,0,0,1,2,2024-04-09
2024-04-10,Atlantic Ave,Saturday,20,Rainy,21,1952,2568,1,1,464,40,2,4520,1,0,1,0,2,2024-04-10
2024-04-11,Atlantic Ave,Monday,15,Rainy,80,4063,1280,1,0,660,18,2,5343,0,0,1,1,2,2024-04-11
2024-04-12,Times Square,Friday,12,Cloudy,77,4720,1183,0,0,301,29,1,5903,0,0,0,1,2,2024-04-12
2024-04-13,Union Square,Saturday,10,Snowy,79,2109,1351,2,0,573,4,1,3460,1,0,1,0,1,2024-04-13
2024-04-14,Canal Street,Friday,6,Snowy,59,190,4084,1,0,808,30,4,4274,0,0,1,0,3,2024-04-14
2024-04-15,Columbus Circle,Thursday,18,Snowy,55,1839,1960,2,0,810,6,3,3799,0,1,1,0,1,2024-04-15
2024-04-16,Penn Station,Monday,23,Snowy,56,3676,1555,1,0,150,18,0,5231,0,0,1,1,2,2024-04-16
2024-04-17,Atlantic Ave,Thursday,18,Snowy,37,66,3235,2,1,155,30,5,3301,0,1,1,0,3,2024-04-17
2024-04-18,Brooklyn Bridge,Sunday,23,Cloudy,82,4398,1966,0,0,434,38,3,6364,1,0,0,1,2,2024-04-18
2024-04-19,Times Square,Monday,10,Rainy,41,514,4965,2,1,323,23,3,5479,0,0,1,1,3,2024-04-19
2024-04-20,Fulton Street,Tuesday,18,Rainy,30,4521,3598,1,1,193,33,1,8119,0,1,1,1,2,2024-04-20
2024-04-21,Penn Station,Saturday,9,Cloudy,77,1877,2807,0,0,673,22,1,4684,1,1,0,0,1,2024-04-21
2024-04-22,Canal Street,Monday,22,Snowy,76,3078,2006,2,0,722,47,1,5084,0,0,1,1,2,2024-04-22
2024-04-23,Brooklyn Bridge,Sunday,8,Cloudy,23,569,228,1,1,137,44,3,797,1,1,0,0,0,2024-04-23
2024-04-24,Canal Street,Sunday,22,Rainy,26,139,946,0,0,296,39,0,1085,1,0,1,0,1,2024-04-24
2024-04-25,Penn Station,Thursday,16,Sunny,80,4865,1601,2,0,832,5,1,6466,0,1,0,1,2,2024-04-25
2024-04-26,Atlantic Ave,Friday,9,Cloudy,73,2901,541,1,0,262,37,2,3442,0,1,0,0,2,2024-04-26
2024-04-27,Brooklyn Bridge,Monday,7,Snowy,87,2893,110,2,0,787,40,0,3003,0,1,1,0,2,2024-04-27
2024-04-28,Canal Street,Saturday,21,Rainy,20,4775,1127,2,0,709,35,2,5902,1,0,1,1,2,2024-04-28
2024-04-29,Fulton Street,Monday,23,Rainy,74,1934,2945,0,0,395,26,0,4879,0,0,1,0,1,2024-04-29
2024-04-30,Union Square,Wednesday,13,Rainy,22,4221,4210,0,0,239,10,1,8431,0,0,1,1,2,2024-04-30
2024-05-01,Grand Central,Friday,8,Rainy,57,975,3733,1,1,280,4,5,4708,0,1,1,0,3,2024-05-01
2024-05-02,Union Square,Saturday,14,Snowy,20,3784,635,0,0,780,16,4,4419,1,0,1,0,0,2024-05-02
2024-05-03,Penn Station,Saturday,11,Sunny,57,1019,4010,1,1,820,6,1,5029,1,0,0,0,1,2024-05-03
2024-05-04,Times Square,Tuesday,15,Rainy,48,1144,3820,2,1,424,26,3,4964,0,0,1,0,3,2024-05-04
2024-05-05,Grand Central,Thursday,15,Cloudy,24,3245,584,2,1,207,46,5,3829,0,0,0,0,0,2024-05-05
2024-05-06,Columbus Circle,Tuesday,18,Sunny,93,1454,3512,1,1,332,14,3,4966,0,1,0,0,3,2024-05-06
2024-05-07,Fulton Street,Saturday,22,Rainy,40,3414,4061,2,0,65,45,0,7475,1,0,1,1,2,2024-05-07
2024-05-08,Columbus Circle,Friday,14,Sunny,90,4340,3448,0,1,840,12,3,7788,0,0,0,1,3,2024-05-08
2024-05-09,Brooklyn Bridge,Monday,22,Cloudy,86,4032,2205,2,1,212,10,5,6237,0,0,0,1,0,2024-05-09
2024-05-10,Grand Central,Monday,14,Rainy,66,4373,1054,0,1,792,44,5,5427,0,0,1,1,0,2024-05-10
2024-05-11,Columbus Circle,Friday,14,Cloudy,54,4063,2549,1,1,630,25,1,6612,0,0,0,1,2,2024-05-11
2024-05-12,Columbus Circle,Saturday,6,Snowy,87,4606,376,1,1,637,21,2,4982,1,0,1,0,2,2024-05-12
2024-05-13,Canal Street,Sunday,7,Rainy,88,4763,4753,2,0,613,27,1,9516,1,1,1,1,2,2024-05-13
2024-05-14,Union Square,Monday,21,Rainy,20,3142,2756,2,0,147,23,0,5898,0,0,1,1,2,2024-05-14
2024-05-15,Canal Street,Sunday,6,Rainy,87,4209,51,0,1,431,28,3,4260,1,0,1,0,0,2024-05-15
2024-05-16,Grand Central,Monday,15,Rainy,31,2124,1083,0,0,824,8,2,3207,0,0,1,0,1,2024-05-16
2024-05-17,Grand Central,Monday,23,Snowy,79,334,2531,2,0,66,41,4,2865,0,0,1,0,3,2024-05-17
2024-05-18,Penn Station,Thursday,13,Rainy,46,4983,174,2,1,571,3,5,5157,0,0,1,1,0,2024-05-18
2024-05-19,Canal Street,Thursday,16,Sunny,75,4976,1154,1,1,80,48,2,6130,0,1,0,1,2,2024-05-19
2024-05-20,Wall Street,Wednesday,7,Rainy,42,1237,2749,1,1,920,45,2,3986,0,1,1,0,1,2024-05-20
2024-05-21,Union Square,Tuesday,13,Snowy,44,4019,1911,1,0,923,17,1,5930,0,0,1,1,2,2024-05-21
2024-05-22,Grand Central,Friday,13,Rainy,40,3015,2970,2,1,603,42,4,5985,0,0,1,1,3,2024-05-22
2024-05-23,Penn Station,Friday,22,Sunny,80,4369,178,2,0,381,15,5,4547,0,0,0,0,0,2024-05-23
2024-05-24,Canal Street,Friday,20,Snowy,82,833,487,2,0,626,32,0,1320,0,0,1,0,1,2024-05-24
2024-05-25,Union Square,Wednesday,22,Snowy,71,999,4896,1,0,609,28,0,5895,0,0,1,1,1,2024-05-25
2024-05-26,Canal Street,Thursday,18,Sunny,44,3989,2598,2,1,523,38,2,6587,0,1,0,1,2,2024-05-26
2024-05-27,Columbus Circle,Saturday,10,Sunny,74,94,3179,0,0,881,9,2,3273,1,0,0,0,1,2024-05-27
2024-05-28,Penn Station,Sunday,17,Sunny,65,1860,1271,2,1,93,8,3,3131,1,1,0,0,0,2024-05-28
2024-05-29,Union Square,Sunday,6,Sunny,51,4616,951,2,1,52,30,4,5567,1,0,0,1,0,2024-05-29
2024-05-30,Atlantic Ave,Saturday,10,Sunny,74,2131,3218,2,1,675,27,5,5349,1,0,0,1,3,2024-05-30
2024-05-31,Brooklyn Bridge,Wednesday,13,Snowy,24,3548,4536,2,1,848,2,2,8084,0,0,1,1,1,2024-05-31
2024-06-01,Brooklyn Bridge,Saturday,18,Snowy,55,879,3968,2,1,943,13,3,4847,1,1,1,0,1,2024-06-01
2024-06-02,Union Square,Friday,13,Rainy,68,1959,1117,0,0,615,24,4,3076,0,0,1,0,0,2024-06-02
2024-06-03,Canal Street,Tuesday,16,Rainy,77,2631,76,0,0,819,14,5,2707,0,1,1,0,0,2024-06-03
2024-06-04,Penn Station,Monday,6,Cloudy,58,741,597,2,0,142,1,0,1338,0,0,0,0,1,2024-06-04
2024-06-05,Brooklyn Bridge,Sunday,18,Rainy,80,4069,2718,1,0,404,23,3,6787,1,1,1,1,2,2024-06-05
2024-06-06,Penn Station,Thursday,8,Rainy,28,981,616,2,0,74,13,4,1597,0,1,1,0,0,2024-06-06
2024-06-07,Brooklyn Bridge,Thursday,22,Sunny,25,4986,753,2,1,299,47,3,5739,0,0,0,1,2,2024-06-07
2024-06-08,Columbus Circle,Wednesday,10,Sunny,54,3456,4330,2,1,385,6,2,7786,0,0,0,1,3,2024-06-08
2024-06-09,Canal Street,Thursday,13,Rainy,58,197,3190,1,0,778,35,1,3387,0,0,1,0,1,2024-06-09
2024-06-10,Columbus Circle,Friday,19,Cloudy,41,1082,1640,1,0,476,49,0,2722,0,0,0,0,2,2024-06-10
2024-06-11,Brooklyn Bridge,Sunday,9,Sunny,60,1361,4993,1,0,907,23,2,6354,1,1,0,1,1,2024-06-11
2024-06-12,Atlantic Ave,Saturday,16,Rainy,24,437,4744,0,1,222,26,2,5181,1,1,1,1,3,2024-06-12
2024-06-13,Atlantic Ave,Friday,20,Rainy,61,3171,855,1,1,157,36,4,4026,0,0,1,0,0,2024-06-13
2024-06-14,Columbus Circle,Wednesday,12,Snowy,86,1923,3841,0,1,582,37,3,5764,0,0,1,1,3,2024-06-14
2024-06-15,Atlantic Ave,Friday,16,Cloudy,49,3638,1407,0,0,480,29,0,5045,0,1,0,0,2,2024-06-15
2024-06-16,Brooklyn Bridge,Saturday,10,Snowy,76,965,3275,1,0,158,26,2,4240,1,0,1,0,3,2024-06-16
2024-06-17,Union Square,Tuesday,10,Cloudy,92,1928,3668,1,0,97,38,4,5596,0,0,0,1,3,2024-06-17
2024-06-18,Columbus Circle,Wednesday,13,Sunny,48,3798,2176,1,0,333,14,0,5974,0,0,0,1,2,2024-06-18
2024-06-19,Times Square,Tuesday,15,Cloudy,56,327,2510,0,1,904,25,3,2837,0,0,0,0,1,2024-06-19
2024-06-20,Canal Street,Monday,11,Rainy,32,2027,595,2,0,405,0,2,2622,0,0,1,0,0,2024-06-20
2024-06-21,Atlantic Ave,Tuesday,20,Rainy,51,1909,2778,1,0,799,3,5,4687,0,0,1,0,3,2024-06-21
2024-06-22,Atlantic Ave,Monday,21,Cloudy,65,3086,3784,1,0,413,28,2,6870,0,0,0,1,3,2024-06-22
2024-06-23,Grand Central,Monday,22,Cloudy,42,3421,2612,1,1,91,0,2,6033,0,0,0,1,0,2024-06-23
2024-06-24,Wall Street,Tuesday,13,Cloudy,64,4763,2129,0,1,650,42,0,6892,0,0,0,1,2,2024-06-24
2024-06-25,Columbus Circle,Wednesday,13,Snowy,36,2232,2691,0,0,295,49,0,4923,0,0,1,0,2,2024-06-25
2024-06-26,Fulton Street,Saturday,14,Cloudy,85,4725,3164,2,1,391,45,0,7889,1,0,0,1,2,2024-06-26
2024-06-27,Atlantic Ave,Friday,7,Sunny,25,1220,1976,1,1,874,21,0,3196,0,1,0,0,1,2024-06-27
2024-06-28,Canal Street,Friday,20,Snowy,37,539,666,0,1,801,10,4,1205,0,0,1,0,0,2024-06-28
2024-06-29,Times Square,Saturday,23,Snowy,41,2575,3694,2,1,279,9,1,6269,1,0,1,1,1,2024-06-29
2024-06-30,Atlantic Ave,Sunday,8,Cloudy,52,1232,1253,1,1,301,16,4,2485,1,1,0,0,0,2024-06-30
2024-07-01,Times Square,Sunday,22,Sunny,49,4529,1809,0,0,462,35,2,6338,1,0,0,1,2,2024-07-01
2024-07-02,Brooklyn Bridge,Monday,9,Snowy,51,4308,2615,1,0,724,46,4,6923,0,1,1,1,3,2024-07-02
2024-07-03,Brooklyn Bridge,Monday,9,Rainy,61,2538,3224,1,0,33,25,3,5762,0,1,1,1,3,2024-07-03
2024-07-04,Wall Street,Wednesday,19,Snowy,29,1926,3131,0,1,965,47,5,5057,0,0,1,0,3,2024-07-04
2024-07-05,Union Square,Thursday,14,Cloudy,55,2512,2680,0,1,872,20,0,5192,0,0,0,1,1,2024-07-05
2024-07-06,Fulton Street,Tuesday,14,Sunny,53,1680,3211,0,1,320,12,3,4891,0,0,0,0,3,2024-07-06
2024-07-07,Grand Central,Monday,23,Cloudy,92,337,4371,1,1,470,8,5,4708,0,0,0,0,3,2024-07-07
2024-07-08,Wall Street,Friday,15,Rainy,47,4332,719,1,0,217,10,3,5051,0,0,1,0,0,2024-07-08
2024-07-09,Penn Station,Wednesday,9,Rainy,30,1957,3218,2,0,801,10,2,5175,0,1,1,1,1,2024-07-09
2024-07-10,Grand Central,Tuesday,17,Rainy,58,1211,2171,1,0,726,5,0,3382,0,1,1,0,1,2024-07-10
2024-07-11,Columbus Circle,Wednesday,13,Cloudy,66,179,4128,0,0,673,0,3,4307,0,0,0,0,1,2024-07-11
2024-07-12,Canal Street,Tuesday,7,Snowy,38,2413,4201,1,0,447,5,2,6614,0,1,1,1,1,2024-07-12
2024-07-13,Penn Station,Tuesday,18,Cloudy,34,193,769,2,0,547,12,0,962,0,1,0,0,1,2024-07-13
2024-07-14,Penn Station,Saturday,21,Sunny,47,65,2650,2,1,715,21,1,2715,1,0,0,0,1,2024-07-14
2024-07-15,Wall Street,Monday,7,Snowy,43,294,3648,0,1,345,30,2,3942,0,1,1,0,1,2024-07-15
2024-07-16,Union Square,Wednesday,16,Rainy,91,976,4719,0,0,431,21,4,5695,0,1,1,1,3,2024-07-16
2024-07-17,Wall Street,Wednesday,15,Cloudy,28,3228,716,2,1,759,36,0,3944,0,0,0,0,2,2024-07-17
2024-07-18,Columbus Circle,Saturday,20,Rainy,66,2226,333,2,0,330,46,3,2559,1,0,1,0,0,2024-07-18
2024-07-19,Atlantic Ave,Friday,22,Rainy,52,936,3953,2,0,506,26,5,4889,0,0,1,0,3,2024-07-19
2024-07-20,Atlantic Ave,Friday,13,Sunny,81,390,3615,0,1,596,49,3,4005,0,0,0,0,3,2024-07-20
2024-07-21,Union Square,Sunday,23,Snowy,38,2101,2284,2,0,956,13,4,4385,1,0,1,0,0,2024-07-21
2024-07-22,Columbus Circle,Monday,14,Sunny,86,3448,4643,2,0,172,46,4,8091,0,0,0,1,3,2024-07-22
2024-07-23,Union Square,Monday,13,Sunny,93,4000,1515,0,0,820,4,3,5515,0,0,0,1,0,2024-07-23
2024-07-24,Times Square,Thursday,19,Sunny,59,355,179,1,1,550,35,5,534,0,0,0,0,0,2024-07-24
2024-07-25,Atlantic Ave,Saturday,23,Rainy,66,957,4784,1,1,174,31,0,5741,1,0,1,1,1,2024-07-25
2024-07-26,Penn Station,Friday,17,Sunny,84,2704,2110,2,1,858,33,2,4814,0,1,0,0,1,2024-07-26
2024-07-27,Fulton Street,Tuesday,19,Sunny,48,3842,3722,1,1,707,6,4,7564,0,0,0,1,3,2024-07-27
2024-07-28,Canal Street,Wednesday,22,Snowy,69,4092,2544,1,0,575,41,4,6636,0,0,1,1,3,2024-07-28
2024-07-29,Columbus Circle,Monday,8,Snowy,32,1421,1042,1,1,304,47,4,2463,0,1,1,0,0,2024-07-29
2024-07-30,Grand Central,Wednesday,12,Sunny,20,370,2171,1,1,51,9,5,2541,0,0,0,0,0,2024-07-30
2024-07-31,Union Square,Wednesday,22,Snowy,53,4704,2634,2,1,933,49,1,7338,0,0,1,1,2,2024-07-31
2024-08-01,Canal Street,Thursday,17,Snowy,67,4109,4246,1,0,294,16,5,8355,0,1,1,1,3,2024-08-01
2024-08-02,Grand Central,Friday,14,Sunny,67,1181,2273,1,1,948,29,0,3454,0,0,0,0,1,2024-08-02
2024-08-03,Canal Street,Monday,20,Rainy,68,2628,4572,0,1,396,20,0,7200,0,0,1,1,1,2024-08-03
2024-08-04,Fulton Street,Wednesday,23,Sunny,83,4092,3238,2,0,147,12,0,7330,0,0,0,1,2,2024-08-04
2024-08-05,Grand Central,Monday,18,Snowy,80,3417,3287,0,0,196,0,0,6704,0,1,1,1,2,2024-08-05
2024-08-06,Wall Street,Tuesday,13,Rainy,48,867,4186,0,0,919,0,0,5053,0,0,1,0,1,2024-08-06
2024-08-07,Brooklyn Bridge,Thursday,19,Cloudy,58,61,4574,2,0,725,46,3,4635,0,0,0,0,3,2024-08-07
2024-08-08,Wall Street,Tuesday,13,Rainy,45,244,393,1,1,440,32,4,637,0,0,1,0,0,2024-08-08
2024-08-09,Atlantic Ave,Monday,19,Snowy,36,2587,4511,0,0,563,37,5,7098,0,0,1,1,3,2024-08-09
2024-08-10,Brooklyn Bridge,Sunday,12,Rainy,90,2892,4754,2,1,871,24,3,7646,1,0,1,1,3,2024-08-10
2024-08-11,Wall Street,Monday,17,Sunny,32,2279,4873,1,1,425,25,5,7152,0,1,0,1,3,2024-08-11
2024-08-12,Brooklyn Bridge,Friday,16,Cloudy,88,3059,2326,2,1,809,12,1,5385,0,1,0,1,1,2024-08-12
2024-08-13,Brooklyn Bridge,Wednesday,16,Cloudy,45,4801,4970,0,1,435,27,2,9771,0,1,0,1,3,2024-08-13
2024-08-14,Penn Station,Wednesday,18,Cloudy,68,2127,3251,1,1,425,32,4,5378,0,1,0,1,3,2024-08-14
2024-08-15,Union Square,Tuesday,23,Snowy,86,3917,938,1,0,35,36,1,4855,0,0,1,0,2,2024-08-15
2024-08-16,Union Square,Thursday,7,Snowy,26,4923,2093,2,1,380,40,3,7016,0,1,1,1,2,2024-08-16
2024-08-17,Penn Station,Sunday,20,Cloudy,77,493,1391,1,1,394,29,2,1884,1,0,0,0,0,2024-08-17
2024-08-18,Canal Street,Saturday,23,Rainy,68,347,3770,0,1,65,48,1,4117,1,0,1,0,3,2024-08-18
2024-08-19,Times Square,Wednesday,20,Cloudy,72,4953,2933,0,0,262,47,5,7886,0,0,0,1,3,2024-08-19
2024-08-20,Canal Street,Friday,17,Rainy,84,894,4262,0,1,643,7,2,5156,0,1,1,1,1,2024-08-20
2024-08-21,Grand Central,Tuesday,18,Rainy,81,1065,2465,2,1,115,48,5,3530,0,1,1,0,3,2024-08-21
2024-08-22,Grand Central,Tuesday,16,Snowy,36,1434,1167,1,0,139,46,1,2601,0,1,1,0,2,2024-08-22
2024-08-23,Brooklyn Bridge,Saturday,10,Rainy,62,1447,4313,1,1,858,0,3,5760,1,0,1,1,1,2024-08-23
2024-08-24,Wall Street,Friday,6,Cloudy,44,603,3051,1,1,679,11,5,3654,0,0,0,0,3,2024-08-24
2024-08-25,Wall Street,Thursday,8,Snowy,22,2400,1788,0,0,385,4,2,4188,0,1,1,0,0,2024-08-25
2024-08-26,Union Square,Friday,12,Sunny,48,4566,1414,1,1,752,23,1,5980,0,0,0,1,2,2024-08-26
2024-08-27,Columbus Circle,Thursday,17,Sunny,51,1319,2758,0,1,976,5,5,4077,0,1,0,0,3,2024-08-27
2024-08-28,Canal Street,Friday,20,Snowy,45,1310,4840,1,1,317,24,3,6150,0,0,1,1,3,2024-08-28
2024-08-29,Atlantic Ave,Friday,10,Cloudy,35,234,974,0,1,100,0,4,1208,0,0,0,0,0,2024-08-29
2024-08-30,Fulton Street,Monday,20,Sunny,44,4613,201,1,1,402,24,3,4814,0,0,0,0,0,2024-08-30
2024-08-31,Wall Street,Tuesday,13,Sunny,73,2460,635,2,0,543,0,3,3095,0,0,0,0,0,2024-08-31
2024-09-01,Fulton Street,Friday,15,Rainy,47,4481,962,2,0,811,31,4,5443,0,0,1,1,0,2024-09-01
2024-09-02,Brooklyn Bridge,Saturday,21,Rainy,92,2259,2371,0,0,119,41,3,4630,1,0,1,0,3,2024-09-02
2024-09-03,Fulton Street,Friday,13,Cloudy,75,3722,545,0,1,570,41,4,4267,0,0,0,0,0,2024-09-03
2024-09-04,Atlantic Ave,Wednesday,6,Snowy,84,4733,3845,1,1,650,2,4,8578,0,0,1,1,3,2024-09-04
2024-09-05,Penn Station,Tuesday,17,Cloudy,60,1931,2198,1,1,594,48,5,4129,0,1,0,0,3,2024-09-05
2024-09-06,Atlantic Ave,Wednesday,10,Snowy,70,4346,606,2,0,349,18,5,4952,0,0,1,0,0,2024-09-06
2024-09-07,Fulton Street,Tuesday,8,Sunny,90,571,1602,1,1,574,42,4,2173,0,1,0,0,0,2024-09-07
2024-09-08,Atlantic Ave,Wednesday,6,Rainy,48,1937,2170,0,1,988,28,1,4107,0,0,1,0,1,2024-09-08
2024-09-09,Times Square,Friday,9,Cloudy,38,2602,3135,0,1,365,49,2,5737,0,1,0,1,2,2024-09-09
2024-09-10,Brooklyn Bridge,Friday,13,Cloudy,85,3859,3554,0,0,901,1,1,7413,0,0,0,1,1,2024-09-10
2024-09-11,Canal Street,Monday,8,Snowy,60,4933,206,0,0,177,8,4,5139,0,1,1,1,0,2024-09-11
2024-09-12,Penn Station,Saturday,15,Snowy,64,4205,784,0,1,566,16,2,4989,1,0,1,0,2,2024-09-12
2024-09-13,Wall Street,Wednesday,7,Cloudy,34,4723,4704,2,1,461,45,5,9427,0,1,0,1,3,2024-09-13
2024-09-14,Grand Central,Thursday,16,Snowy,22,4466,3326,2,1,914,35,2,7792,0,1,1,1,2,2024-09-14
2024-09-15,Canal Street,Monday,15,Cloudy,30,3529,204,0,0,114,16,4,3733,0,0,0,0,0,2024-09-15
2024-09-16,Grand Central,Wednesday,19,Cloudy,72,1459,1046,1,0,159,48,5,2505,0,0,0,0,0,2024-09-16
2024-09-17,Brooklyn Bridge,Wednesday,12,Cloudy,65,1744,2344,0,0,155,11,2,4088,0,0,0,0,0,2024-09-17
2024-09-18,Penn Station,Monday,7,Sunny,49,4714,4676,2,1,725,19,2,9390,0,1,0,1,3,2024-09-18
2024-09-19,Union Square,Friday,14,Snowy,76,576,2955,0,0,883,49,1,3531,0,0,1,0,1,2024-09-19
2024-09-20,Wall Street,Wednesday,21,Rainy,37,2710,4874,2,1,308,2,2,7584,0,0,1,1,3,2024-09-20
2024-09-21,Times Square,Friday,18,Rainy,70,2222,1227,2,1,176,42,4,3449,0,1,1,0,0,2024-09-21
2024-09-22,Union Square,Monday,14,Snowy,67,329,203,0,0,722,49,0,532,0,0,1,0,1,2024-09-22
2024-09-23,Brooklyn Bridge,Friday,9,Cloudy,85,3014,4237,0,1,655,3,0,7251,0,1,0,1,1,2024-09-23
2024-09-24,Canal Street,Tuesday,15,Rainy,27,4027,1766,1,0,732,16,0,5793,0,0,1,1,2,2024-09-24
2024-09-25,Times Square,Thursday,17,Rainy,41,2719,3252,2,1,57,49,4,5971,0,1,1,1,3,2024-09-25
2024-09-26,Atlantic Ave,Sunday,22,Snowy,25,2943,2907,1,1,647,36,0,5850,1,0,1,1,2,2024-09-26
2024-09-27,Fulton Street,Wednesday,19,Rainy,76,1801,836,0,0,248,45,1,2637,0,0,1,0,2,2024-09-27
2024-09-28,Times Square,Saturday,19,Cloudy,55,4031,4418,2,1,16,41,4,8449,1,0,0,1,3,2024-09-28
2024-09-29,Brooklyn Bridge,Thursday,7,Snowy,76,4819,4322,1,1,473,14,5,9141,0,1,1,1,3,2024-09-29
2024-09-30,Columbus Circle,Sunday,16,Cloudy,68,2411,3817,1,1,462,32,4,6228,1,1,0,1,3,2024-09-30
2024-10-01,Fulton Street,Friday,21,Rainy,64,4477,2928,1,1,793,15,4,7405,0,0,1,1,3,2024-10-01
2024-10-02,Grand Central,Wednesday,11,Rainy,85,4181,692,0,1,906,10,2,4873,0,0,1,0,0,2024-10-02
2024-10-03,Wall Street,Friday,10,Cloudy,64,1758,4712,0,1,380,19,2,6470,0,0,0,1,3,2024-10-03
2024-10-04,Grand Central,Tuesday,9,Sunny,39,2736,715,0,1,558,37,2,3451,0,1,0,0,2,2024-10-04
2024-10-05,Times Square,Monday,20,Rainy,83,2945,3476,2,1,496,23,3,6421,0,0,1,1,3,2024-10-05
2024-10-06,Grand Central,Wednesday,9,Sunny,86,4585,3833,0,0,220,15,1,8418,0,1,0,1,2,2024-10-06
2024-10-07,Brooklyn Bridge,Sunday,15,Rainy,22,2826,3751,2,0,174,29,4,6577,1,0,1,1,3,2024-10-07
2024-10-08,Atlantic Ave,Sunday,8,Sunny,73,1169,1119,1,1,134,33,4,2288,1,1,0,0,0,2024-10-08
2024-10-09,Canal Street,Tuesday,10,Sunny,83,3038,2399,1,1,346,0,2,5437,0,0,0,1,0,2024-10-09
2024-10-10,Wall Street,Tuesday,11,Sunny,59,4309,4553,0,0,201,23,4,8862,0,0,0,1,3,2024-10-10
2024-10-11,Grand Central,Wednesday,13,Cloudy,78,4293,1262,1,1,739,23,5,5555,0,0,0,1,0,2024-10-11
2024-10-12,Grand Central,Friday,12,Sunny,74,244,1202,0,0,223,8,4,1446,0,0,0,0,0,2024-10-12
2024-10-13,Times Square,Saturday,15,Sunny,81,712,2561,2,0,583,21,0,3273,1,0,0,0,1,2024-10-13
2024-10-14,Canal Street,Sunday,11,Sunny,23,529,193,1,0,337,11,5,722,1,0,0,0,0,2024-10-14
2024-10-15,Union Square,Sunday,19,Rainy,79,4268,2539,0,1,966,16,5,6807,1,0,1,1,3,2024-10-15
2024-10-16,Grand Central,Tuesday,9,Sunny,94,1473,3278,1,1,390,24,4,4751,0,1,0,0,3,2024-10-16
2024-10-17,Brooklyn Bridge,Thursday,18,Rainy,49,2758,4632,1,1,682,27,3,7390,0,1,1,1,3,2024-10-17
2024-10-18,Columbus Circle,Tuesday,22,Sunny,21,3225,3255,0,0,587,14,2,6480,0,0,0,1,1,2024-10-18
2024-10-19,Wall Street,Saturday,12,Sunny,81,3864,4293,1,0,807,29,1,8157,1,0,0,1,2,2024-10-19
2024-10-20,Grand Central,Friday,9,Cloudy,68,2064,3192,1,0,248,26,1,5256,0,1,0,1,2,2024-10-20
2024-10-21,Brooklyn Bridge,Friday,19,Rainy,28,3839,3354,1,1,541,21,0,7193,0,0,1,1,2,2024-10-21
2024-10-22,Brooklyn Bridge,Thursday,8,Sunny,50,4855,1407,1,0,709,9,1,6262,0,1,0,1,2,2024-10-22
2024-10-23,Wall Street,Sunday,10,Rainy,80,2493,2763,2,0,91,30,1,5256,1,0,1,1,2,2024-10-23
2024-10-24,Union Square,Tuesday,21,Rainy,67,961,4235,1,1,372,26,2,5196,0,0,1,1,3,2024-10-24
2024-10-25,Brooklyn Bridge,Friday,9,Snowy,44,3263,1407,1,0,514,11,2,4670,0,1,1,0,0,2024-10-25
2024-10-26,Columbus Circle,Saturday,7,Cloudy,55,2414,4344,0,0,211,45,3,6758,1,1,0,1,3,2024-10-26
2024-10-27,Brooklyn Bridge,Wednesday,23,Cloudy,27,3679,4683,2,1,929,30,0,8362,0,0,0,1,1,2024-10-27
2024-10-28,Brooklyn Bridge,Monday,22,Cloudy,92,3522,3242,0,1,513,31,1,6764,0,0,0,1,2,2024-10-28
2024-10-29,Brooklyn Bridge,Monday,19,Snowy,77,730,350,0,0,653,31,3,1080,0,0,1,0,0,2024-10-29
2024-10-30,Atlantic Ave,Monday,18,Snowy,64,4701,773,0,1,46,40,0,5474,0,1,1,1,2,2024-10-30
2024-10-31,Atlantic Ave,Sunday,17,Cloudy,81,659,3060,2,0,653,44,5,3719,1,1,0,0,3,2024-10-31
2024-11-01,Union Square,Tuesday,11,Snowy,58,2206,117,0,1,598,34,1,2323,0,0,1,0,2,2024-11-01
2024-11-02,Grand Central,Thursday,9,Snowy,77,3916,3886,0,0,610,45,1,7802,0,1,1,1,2,2024-11-02
2024-11-03,Brooklyn Bridge,Friday,21,Snowy,83,421,4043,0,1,982,20,2,4464,0,0,1,0,1,2024-11-03
2024-11-04,Canal Street,Wednesday,18,Cloudy,63,665,2556,1,0,411,9,4,3221,0,1,0,0,0,2024-11-04
2024-11-05,Grand Central,Saturday,9,Cloudy,48,2303,1587,0,1,774,15,0,3890,1,1,0,0,1,2024-11-05
2024-11-06,Union Square,Wednesday,22,Cloudy,78,4992,447,2,1,865,6,1,5439,0,0,0,1,2,2024-11-06
2024-11-07,Penn Station,Saturday,6,Snowy,90,4188,4765,2,1,715,3,0,8953,1,0,1,1,1,2024-11-07
2024-11-08,Grand Central,Sunday,23,Cloudy,28,914,3407,1,1,185,26,3,4321,1,0,0,0,3,2024-11-08
2024-11-09,Grand Central,Tuesday,22,Snowy,25,1318,1213,2,1,554,24,3,2531,0,0,1,0,0,2024-11-09
2024-11-10,Fulton Street,Monday,20,Sunny,48,834,4875,2,1,579,30,4,5709,0,0,0,1,3,2024-11-10
2024-11-11,Times Square,Tuesday,16,Snowy,77,4621,605,1,1,476,10,1,5226,0,1,1,1,2,2024-11-11
2024-11-12,Fulton Street,Sunday,18,Rainy,36,4228,3711,0,0,210,47,2,7939,1,1,1,1,2,2024-11-12
2024-11-13,Columbus Circle,Thursday,6,Cloudy,35,2287,1801,1,0,549,19,1,4088,0,0,0,0,1,2024-11-13
2024-11-14,Atlantic Ave,Thursday,22,Cloudy,22,4104,2991,0,1,556,35,0,7095,0,0,0,1,2,2024-11-14
2024-11-15,Atlantic Ave,Sunday,11,Rainy,40,4945,2707,0,1,646,16,5,7652,1,0,1,1,3,2024-11-15
2024-11-16,Times Square,Saturday,9,Snowy,83,985,2845,2,0,403,44,3,3830,1,1,1,0,3,2024-11-16
2024-11-17,Wall Street,Friday,21,Sunny,55,4030,2379,1,0,842,10,0,6409,0,0,0,1,1,2024-11-17
2024-11-18,Wall Street,Friday,20,Rainy,81,2388,2009,2,1,51,29,4,4397,0,0,1,0,0,2024-11-18
2024-11-19,Union Square,Saturday,20,Rainy,61,375,1651,2,0,606,34,3,2026,1,0,1,0,0,2024-11-19
2024-11-20,Times Square,Thursday,11,Snowy,61,1584,2843,0,0,402,40,2,4427,0,0,1,0,3,2024-11-20
2024-11-21,Grand Central,Thursday,20,Cloudy,80,3530,1530,2,1,709,37,3,5060,0,0,0,0,2,2024-11-21
2024-11-22,Wall Street,Thursday,19,Snowy,32,3911,1152,1,1,632,21,5,5063,0,0,1,0,0,2024-11-22
2024-11-23,Brooklyn Bridge,Tuesday,16,Rainy,30,2035,3326,2,1,792,42,1,5361,0,1,1,1,1,2024-11-23
2024-11-24,Canal Street,Thursday,12,Rainy,73,4982,1349,2,0,450,47,5,6331,0,0,1,1,0,2024-11-24
2024-11-25,Grand Central,Wednesday,14,Cloudy,35,4653,3929,0,1,846,26,5,8582,0,0,0,1,3,2024-11-25
2024-11-26,Columbus Circle,Monday,21,Cloudy,27,2828,1585,1,1,626,36,1,4413,0,0,0,0,2,2024-11-26
2024-11-27,Brooklyn Bridge,Thursday,10,Cloudy,78,1320,127,2,0,515,45,3,1447,0,0,0,0,0,2024-11-27
2024-11-28,Brooklyn Bridge,Saturday,15,Snowy,76,690,2881,0,1,927,48,4,3571,1,0,1,0,3,2024-11-28
2024-11-29,Times Square,Monday,23,Cloudy,59,4753,3460,2,0,329,34,1,8213,0,0,0,1,2,2024-11-29
2024-11-30,Union Square,Tuesday,8,Rainy,78,4128,2771,1,0,562,3,1,6899,0,1,1,1,2,2024-11-30
2024-12-01,Columbus Circle,Saturday,18,Rainy,21,4711,3677,2,0,224,15,2,8388,1,1,1,1,2,2024-12-01
2024-12-02,Wall Street,Monday,16,Sunny,29,1417,1582,2,0,80,15,3,2999,0,1,0,0,0,2024-12-02
2024-12-03,Times Square,Saturday,22,Snowy,63,4092,287,0,0,577,20,1,4379,1,0,1,0,2,2024-12-03
2024-12-04,Wall Street,Tuesday,18,Sunny,30,2625,2046,2,0,928,25,4,4671,0,1,0,0,0,2024-12-04
2024-12-05,Times Square,Wednesday,11,Rainy,21,3653,3477,0,1,245,35,0,7130,0,0,1,1,2,2024-12-05
2024-12-06,Times Square,Tuesday,22,Sunny,69,1631,327,1,1,290,18,3,1958,0,0,0,0,0,2024-12-06
2024-12-07,Times Square,Tuesday,18,Rainy,31,2036,3139,2,1,996,16,2,5175,0,1,1,1,1,2024-12-07
2024-12-08,Union Square,Saturday,15,Sunny,42,2290,573,1,0,626,44,5,2863,1,0,0,0,0,2024-12-08
2024-12-09,Times Square,Sunday,8,Cloudy,37,4016,4325,1,1,911,25,1,8341,1,1,0,1,1,2024-12-09
2024-12-10,Penn Station,Friday,19,Sunny,81,2155,4268,2,0,896,21,4,6423,0,0,0,1,3,2024-12-10
2024-12-11,Canal Street,Thursday,10,Cloudy,81,178,3172,0,1,171,27,3,3350,0,0,0,0,3,2024-12-11
2024-12-12,Wall Street,Thursday,10,Cloudy,57,4851,4625,1,0,200,0,4,9476,0,0,0,1,3,2024-12-12
2024-12-13,Grand Central,Wednesday,22,Snowy,86,4046,1847,1,1,18,43,4,5893,0,0,1,1,2,2024-12-13
2024-12-14,Fulton Street,Wednesday,15,Cloudy,57,901,2181,2,0,69,35,5,3082,0,0,0,0,0,2024-12-14
2024-12-15,Columbus Circle,Thursday,10,Cloudy,86,4153,865,2,1,902,42,2,5018,0,0,0,0,2,2024-12-15
2024-12-16,Atlantic Ave,Friday,9,Sunny,80,2126,2744,2,0,826,36,3,4870,0,1,0,0,3,2024-12-16
2024-12-17,Union Square,Thursday,11,Rainy,20,3044,492,2,1,234,1,1,3536,0,0,1,0,0,2024-12-17
2024-12-18,Grand Central,Sunday,9,Snowy,64,3794,3190,2,0,828,16,2,6984,1,1,1,1,1,2024-12-18
2024-12-19,Brooklyn Bridge,Friday,12,Cloudy,47,2806,192,2,1,709,39,1,2998,0,0,0,0,2,2024-12-19
2024-12-20,Penn Station,Wednesday,12,Snowy,40,1694,4337,0,1,591,37,0,6031,0,0,1,1,1,2024-12-20
2024-12-21,Atlantic Ave,Monday,23,Sunny,32,4421,1460,1,1,814,20,4,5881,0,0,0,1,0,2024-12-21
2024-12-22,Fulton Street,Saturday,8,Cloudy,46,3194,4523,0,0,296,8,0,7717,1,1,0,1,1,2024-12-22
2024-12-23,Grand Central,Sunday,6,Sunny,26,292,584,0,0,178,12,4,876,1,0,0,0,0,2024-12-23
2024-12-24,Atlantic Ave,Sunday,9,Snowy,41,4135,1766,2,0,71,10,5,5901,1,1,1,1,0,2024-12-24
2024-12-25,Grand Central,Wednesday,11,Sunny,93,220,3414,1,0,358,15,2,3634,0,0,0,0,1,2024-12-25
2024-12-26,Penn Station,Wednesday,14,Snowy,72,702,1082,0,0,451,15,1,1784,0,0,1,0,1,2024-12-26
2024-12-27,Fulton Street,Tuesday,19,Sunny,23,3562,3392,2,1,23,1,5,6954,0,0,0,1,3,2024-12-27
2024-12-28,Brooklyn Bridge,Sunday,17,Snowy,42,1549,1460,2,0,173,41,1,3009,1,1,1,0,2,2024-12-28
2024-12-29,Times Square,Tuesday,9,Rainy,89,2149,4550,1,1,429,43,2,6699,0,1,1,1,3,2024-12-29
2024-12-30,Wall Street,Tuesday,17,Sunny,52,2208,1222,0,1,766,7,3,3430,0,1,0,0,0,2024-12-30
2024-12-31,Brooklyn Bridge,Saturday,15,Sunny,47,2022,938,0,0,856,42,0,2960,1,0,0,0,2,2024-12-31
2025-01-01,Times Square,Tuesday,12,Rainy,27,3975,3388,0,1,529,41,0,7363,0,0,1,1,2,2025-01-01
2025-01-02,Union Square,Friday,8,Rainy,20,2308,4567,2,0,675,12,1,6875,0,1,1,1,1,2025-01-02
2025-01-03,Canal Street,Thursday,19,Sunny,56,4089,1691,1,0,557,16,1,5780,0,0,0,1,2,2025-01-03
2025-01-04,Columbus Circle,Monday,15,Rainy,82,2085,521,1,0,569,38,1,2606,0,0,1,0,2,2025-01-04
2025-01-05,Columbus Circle,Wednesday,21,Cloudy,41,3321,2990,0,1,606,23,2,6311,0,0,0,1,2,2025-01-05
2025-01-06,Wall Street,Friday,21,Snowy,89,907,596,2,0,37,2,3,1503,0,0,1,0,0,2025-01-06
2025-01-07,Fulton Street,Monday,15,Snowy,40,3873,4776,0,0,717,29,0,8649,0,0,1,1,2,2025-01-07
2025-01-08,Penn Station,Sunday,18,Snowy,54,1099,3647,1,0,455,12,5,4746,1,1,1,0,3,2025-01-08
2025-01-09,Fulton Street,Sunday,11,Cloudy,24,4040,2875,2,1,217,18,4,6915,1,0,0,1,3,2025-01-09
2025-01-10,Penn Station,Sunday,17,Rainy,79,348,3773,0,0,479,6,2,4121,1,1,1,0,1,2025-01-10
2025-01-11,Fulton Street,Friday,14,Rainy,65,973,413,0,1,725,8,0,1386,0,0,1,0,1,2025-01-11
2025-01-12,Canal Street,Friday,18,Sunny,69,4282,2216,2,1,985,18,3,6498,0,1,0,1,2,2025-01-12
2025-01-13,Union Square,Wednesday,9,Rainy,67,4356,3359,1,0,828,44,2,7715,0,1,1,1,2,2025-01-13
2025-01-14,Union Square,Thursday,16,Sunny,25,2849,595,2,1,113,39,5,3444,0,1,0,0,0,2025-01-14
2025-01-15,Times Square,Tuesday,23,Cloudy,75,4925,3290,0,1,751,21,0,8215,0,0,0,1,2,2025-01-15
2025-01-16,Atlantic Ave,Sunday,16,Snowy,78,4112,4779,0,0,435,17,2,8891,1,1,1,1,3,2025-01-16
2025-01-17,Union Square,Saturday,9,Snowy,48,4095,1986,0,0,110,22,0,6081,1,1,1,1,2,2025-01-17
2025-01-18,Union Square,Thursday,23,Snowy,90,1852,1012,0,0,550,1,0,2864,0,0,1,0,1,2025-01-18
2025-01-19,Brooklyn Bridge,Saturday,6,Rainy,37,2763,3055,1,1,648,49,3,5818,1,0,1,1,3,2025-01-19
2025-01-20,Brooklyn Bridge,Wednesday,12,Sunny,21,4556,3856,1,0,859,49,4,8412,0,0,0,1,3,2025-01-20
2025-01-21,Times Square,Wednesday,11,Sunny,27,2903,932,0,1,531,10,3,3835,0,0,0,0,0,2025-01-21
2025-01-22,Atlantic Ave,Wednesday,20,Cloudy,94,2707,3890,1,1,115,30,0,6597,0,0,0,1,2,2025-01-22
2025-01-23,Wall Street,Monday,23,Rainy,73,4572,920,1,1,688,32,2,5492,0,0,1,1,2,2025-01-23
2025-01-24,Brooklyn Bridge,Saturday,16,Cloudy,57,3396,4661,1,1,987,13,5,8057,1,1,0,1,3,2025-01-24
2025-01-25,Wall Street,Thursday,20,Sunny,67,1521,3035,0,1,778,15,3,4556,0,0,0,0,1,2025-01-25
2025-01-26,Grand Central,Thursday,21,Sunny,46,2999,915,2,0,816,10,4,3914,0,0,0,0,0,2025-01-26
2025-01-27,Brooklyn Bridge,Friday,12,Snowy,39,991,4359,2,0,286,32,0,5350,0,0,1,1,1,2025-01-27
2025-01-28,Canal Street,Friday,15,Rainy,31,1957,3253,2,1,74,6,5,5210,0,0,1,1,3,2025-01-28
2025-01-29,Atlantic Ave,Sunday,17,Sunny,62,4887,2947,0,1,792,30,3,7834,1,1,0,1,2,2025-01-29
2025-01-30,Times Square,Friday,19,Snowy,80,1293,2294,1,0,909,47,3,3587,0,0,1,0,1,2025-01-30
2025-01-31,Grand Central,Wednesday,10,Rainy,50,4473,68,1,0,197,45,3,4541,0,0,1,0,2,2025-01-31
2025-02-01,Atlantic Ave,Thursday,23,Cloudy,80,1516,691,0,1,326,46,3,2207,0,0,0,0,0,2025-02-01
2025-02-02,Canal Street,Saturday,10,Rainy,93,4007,3133,0,1,925,13,5,7140,1,0,1,1,3,2025-02-02
2025-02-03,Atlantic Ave,Wednesday,8,Rainy,86,2016,379,2,0,147,27,2,2395,0,1,1,0,0,2025-02-03
2025-02-04,Canal Street,Monday,10,Sunny,54,425,915,2,0,352,42,4,1340,0,0,0,0,0,2025-02-04
2025-02-05,Canal Street,Friday,22,Sunny,34,312,823,0,1,114,15,4,1135,0,0,0,0,0,2025-02-05
2025-02-06,Wall Street,Wednesday,17,Rainy,35,4412,4537,2,0,555,18,0,8949,0,1,1,1,2,2025-02-06
2025-02-07,Fulton Street,Wednesday,14,Sunny,32,3438,4782,1,0,389,16,1,8220,0,0,0,1,3,2025-02-07
2025-02-08,Grand Central,Monday,6,Sunny,54,3445,2404,0,1,119,25,2,5849,0,0,0,1,2,2025-02-08
2025-02-09,Atlantic Ave,Tuesday,23,Sunny,94,1994,3388,0,1,953,5,0,5382,0,0,0,1,1,2025-02-09
2025-02-10,Penn Station,Thursday,9,Snowy,78,1943,3568,1,1,554,42,0,5511,0,1,1,1,1,2025-02-10
2025-02-11,Grand Central,Saturday,15,Snowy,40,3684,2992,1,0,363,48,3,6676,1,0,1,1,2,2025-02-11
2025-02-12,Fulton Street,Sunday,12,Rainy,73,1702,2617,1,1,752,8,1,4319,1,0,1,0,1,2025-02-12
2025-02-13,Grand Central,Tuesday,6,Sunny,94,4191,1724,2,0,326,49,1,5915,0,0,0,1,2,2025-02-13
2025-02-14,Union Square,Friday,22,Snowy,49,3942,2733,0,1,275,16,2,6675,0,0,1,1,2,2025-02-14
2025-02-15,Penn Station,Wednesday,7,Rainy,67,649,3430,2,1,703,30,1,4079,0,1,1,0,1,2025-02-15
2025-02-16,Fulton Street,Monday,16,Sunny,54,4865,789,1,0,861,11,0,5654,0,1,0,1,2,2025-02-16
2025-02-17,Wall Street,Monday,14,Cloudy,57,1962,1595,2,0,74,22,1,3557,0,0,0,0,2,2025-02-17
2025-02-18,Atlantic Ave,Thursday,12,Sunny,50,1342,4614,1,1,342,4,1,5956,0,0,0,1,1,2025-02-18
2025-02-19,Columbus Circle,Tuesday,22,Sunny,43,650,2309,2,1,522,42,4,2959,0,0,0,0,3,2025-02-19
2025-02-20,Fulton Street,Sunday,22,Snowy,68,430,1185,2,0,142,35,0,1615,1,0,1,0,1,2025-02-20
2025-02-21,Times Square,Thursday,7,Rainy,51,4263,923,1,1,601,35,5,5186,0,1,1,1,0,2025-02-21
2025-02-22,Atlantic Ave,Wednesday,11,Rainy,74,3687,4605,2,0,792,2,1,8292,0,0,1,1,1,2025-02-22
2025-02-23,Fulton Street,Thursday,19,Snowy,77,2213,2350,0,0,762,23,1,4563,0,0,1,0,1,2025-02-23
2025-02-24,Union Square,Saturday,11,Sunny,22,4405,801,2,1,549,16,3,5206,1,0,0,1,0,2025-02-24
2025-02-25,Columbus Circle,Monday,7,Cloudy,88,1148,903,2,0,744,38,1,2051,0,1,0,0,1,2025-02-25
2025-02-26,Union Square,Monday,6,Sunny,29,415,3782,0,0,544,25,1,4197,0,0,0,0,1,2025-02-26
2025-02-27,Columbus Circle,Friday,15,Sunny,44,2620,2333,1,0,505,3,4,4953,0,0,0,0,0,2025-02-27
2025-02-28,Times Square,Friday,10,Cloudy,87,3469,1379,0,1,630,44,0,4848,0,0,0,0,2,2025-02-28
2025-03-01,Atlantic Ave,Sunday,7,Snowy,80,2526,527,2,0,628,11,2,3053,1,1,1,0,0,2025-03-01
2025-03-02,Wall Street,Wednesday,21,Rainy,48,840,2776,1,1,666,0,0,3616,0,0,1,0,1,2025-03-02
2025-03-03,Union Square,Saturday,7,Snowy,38,3619,3141,2,1,378,20,3,6760,1,1,1,1,3,2025-03-03
2025-03-04,Union Square,Tuesday,15,Snowy,62,796,4280,2,1,875,18,0,5076,0,0,1,0,1,2025-03-04
2025-03-05,Canal Street,Thursday,7,Sunny,85,362,4555,0,0,918,20,1,4917,0,1,0,0,1,2025-03-05
2025-03-06,Columbus Circle,Sunday,21,Rainy,93,4683,1319,0,0,919,17,3,6002,1,0,1,1,0,2025-03-06
2025-03-07,Brooklyn Bridge,Wednesday,21,Rainy,80,970,4231,1,1,660,42,0,5201,0,0,1,1,1,2025-03-07
2025-03-08,Atlantic Ave,Friday,12,Snowy,62,1127,2653,1,1,805,2,3,3780,0,0,1,0,1,2025-03-08
2025-03-09,Columbus Circle,Thursday,17,Cloudy,44,2879,1519,1,0,819,48,2,4398,0,1,0,0,2,2025-03-09
2025-03-10,Canal Street,Friday,20,Snowy,39,2431,427,2,1,108,43,0,2858,0,0,1,0,2,2025-03-10
2025-03-11,Grand Central,Thursday,13,Cloudy,67,3668,1730,0,1,326,31,5,5398,0,0,0,1,0,2025-03-11
2025-03-12,Columbus Circle,Tuesday,11,Rainy,43,847,291,0,0,132,9,1,1138,0,0,1,0,0,2025-03-12
2025-03-13,Wall Street,Wednesday,15,Snowy,30,4493,969,0,1,329,39,3,5462,0,0,1,1,2,2025-03-13
2025-03-14,Atlantic Ave,Thursday,8,Sunny,74,322,119,1,0,808,14,5,441,0,1,0,0,0,2025-03-14
2025-03-15,Canal Street,Saturday,22,Snowy,47,3060,3974,0,0,602,4,5,7034,1,0,1,1,3,2025-03-15
2025-03-16,Grand Central,Sunday,12,Rainy,88,4865,2136,0,1,504,3,4,7001,1,0,1,1,0,2025-03-16
2025-03-17,Penn Station,Monday,9,Sunny,82,1823,2057,0,0,466,27,3,3880,0,1,0,0,0,2025-03-17
2025-03-18,Canal Street,Saturday,19,Sunny,78,2597,850,1,0,531,3,5,3447,1,0,0,0,0,2025-03-18
2025-03-19,Penn Station,Saturday,20,Cloudy,24,3214,2829,0,0,529,14,4,6043,1,0,0,1,3,2025-03-19
2025-03-20,Atlantic Ave,Sunday,13,Sunny,70,4830,4970,1,1,926,16,5,9800,1,0,0,1,3,2025-03-20
2025-03-21,Union Square,Monday,20,Sunny,40,4767,805,0,1,726,43,1,5572,0,0,0,1,2,2025-03-21
2025-03-22,Canal Street,Saturday,19,Snowy,31,996,2045,0,1,324,2,2,3041,1,0,1,0,1,2025-03-22
2025-03-23,Times Square,Thursday,14,Rainy,69,2715,1371,0,0,955,9,4,4086,0,0,1,0,0,2025-03-23
2025-03-24,Penn Station,Thursday,13,Cloudy,23,556,2380,1,0,718,46,2,2936,0,0,0,0,1,2025-03-24
2025-03-25,Wall Street,Thursday,22,Snowy,61,293,159,1,1,719,41,3,452,0,0,1,0,0,2025-03-25
2025-03-26,Times Square,Monday,7,Sunny,57,555,1066,0,1,551,22,1,1621,0,1,0,0,1,2025-03-26
2025-03-27,Fulton Street,Saturday,8,Sunny,44,4567,3915,2,0,488,17,4,8482,1,1,0,1,3,2025-03-27
2025-03-28,Fulton Street,Monday,13,Cloudy,33,3208,74,1,1,922,0,3,3282,0,0,0,0,0,2025-03-28
2025-03-29,Grand Central,Thursday,17,Rainy,94,3640,4988,1,1,980,34,5,8628,0,1,1,1,3,2025-03-29
2025-03-30,Union Square,Sunday,6,Cloudy,51,1922,2888,0,1,29,30,0,4810,1,0,0,0,2,2025-03-30
2025-03-31,Atlantic Ave,Saturday,15,Snowy,30,3843,787,2,1,569,43,3,4630,1,0,1,0,2,2025-03-31
2025-04-01,Canal Street,Saturday,8,Cloudy,80,1242,229,0,1,978,0,2,1471,1,1,0,0,1,2025-04-01
2025-04-02,Brooklyn Bridge,Friday,11,Sunny,37,4475,281,1,0,139,2,1,4756,0,0,0,0,2,2025-04-02
2025-04-03,Wall Street,Friday,12,Snowy,46,4795,1967,1,1,302,2,1,6762,0,0,1,1,2,2025-04-03
2025-04-04,Penn Station,Tuesday,23,Sunny,74,1514,392,0,1,906,36,3,1906,0,0,0,0,0,2025-04-04
2025-04-05,Atlantic Ave,Wednesday,16,Rainy,73,440,4622,0,0,141,18,5,5062,0,1,1,0,3,2025-04-05
2025-04-06,Times Square,Friday,10,Sunny,94,4526,2673,2,0,365,28,0,7199,0,0,0,1,2,2025-04-06
2025-04-07,Fulton Street,Monday,16,Sunny,40,3427,504,2,0,63,24,2,3931,0,1,0,0,0,2025-04-07
2025-04-08,Wall Street,Friday,17,Cloudy,63,4887,4434,1,0,899,32,3,9321,0,1,0,1,3,2025-04-08
2025-04-09,Brooklyn Bridge,Tuesday,15,Sunny,24,4965,4675,2,1,802,35,3,9640,0,0,0,1,3,2025-04-09
2025-04-10,Canal Street,Saturday,13,Snowy,60,722,2326,2,1,396,28,1,3048,1,0,1,0,1,2025-04-10
2025-04-11,Grand Central,Tuesday,14,Snowy,78,2610,645,1,1,274,25,2,3255,0,0,1,0,0,2025-04-11
2025-04-12,Brooklyn Bridge,Saturday,9,Rainy,73,1261,3924,1,1,991,3,0,5185,1,1,1,1,1,2025-04-12
2025-04-13,Wall Street,Sunday,10,Snowy,93,979,4580,1,0,224,48,1,5559,1,0,1,1,3,2025-04-13
2025-04-14,Brooklyn Bridge,Sunday,13,Cloudy,41,1589,4547,1,0,469,13,3,6136,1,0,0,1,3,2025-04-14
2025-04-15,Wall Street,Saturday,14,Rainy,84,962,2719,0,1,467,49,1,3681,1,0,1,0,1,2025-04-15
2025-04-16,Wall Street,Wednesday,20,Snowy,83,693,2185,1,1,811,26,1,2878,0,0,1,0,1,2025-04-16
2025-04-17,Columbus Circle,Friday,20,Cloudy,90,4572,4014,1,1,52,32,4,8586,0,0,0,1,3,2025-04-17
2025-04-18,Penn Station,Monday,21,Snowy,23,551,1615,1,1,595,21,1,2166,0,0,1,0,1,2025-04-18
2025-04-19,Fulton Street,Monday,19,Snowy,84,779,358,2,0,871,47,5,1137,0,0,1,0,0,2025-04-19
2025-04-20,Columbus Circle,Thursday,13,Sunny,34,1333,392,1,1,287,2,1,1725,0,0,0,0,0,2025-04-20
2025-04-21,Canal Street,Saturday,23,Snowy,41,2168,485,0,0,847,22,5,2653,1,0,1,0,0,2025-04-21
2025-04-22,Columbus Circle,Monday,15,Snowy,66,4602,226,0,0,763,20,2,4828,0,0,1,0,2,2025-04-22
2025-04-23,Union Square,Wednesday,11,Cloudy,65,4436,188,1,0,139,40,1,4624,0,0,0,0,2,2025-04-23
2025-04-24,Union Square,Saturday,17,Cloudy,33,3886,243,0,0,359,22,0,4129,1,1,0,0,2,2025-04-24
2025-04-25,Fulton Street,Wednesday,7,Sunny,69,969,3307,2,1,715,3,5,4276,0,1,0,0,3,2025-04-25
2025-04-26,Brooklyn Bridge,Monday,12,Snowy,39,4100,3285,1,1,553,20,5,7385,0,0,1,1,3,2025-04-26
2025-04-27,Penn Station,Monday,21,Sunny,69,2389,992,0,1,115,36,3,3381,0,0,0,0,0,2025-04-27
2025-04-28,Fulton Street,Thursday,8,Snowy,52,805,4670,0,1,921,42,2,5475,0,1,1,1,1,2025-04-28
2025-04-29,Wall Street,Monday,18,Rainy,78,1919,3929,1,0,725,30,1,5848,0,1,1,1,1,2025-04-29
2025-04-30,Times Square,Saturday,8,Rainy,62,4522,3163,0,0,10,20,0,7685,1,1,1,1,2,2025-04-30
2025-05-01,Penn Station,Sunday,23,Sunny,31,557,3012,1,0,766,25,3,3569,1,0,0,0,1,2025-05-01
2025-05-02,Penn Station,Saturday,16,Sunny,59,1486,4886,0,1,593,40,2,6372,1,1,0,1,3,2025-05-02
2025-05-03,Wall Street,Saturday,13,Sunny,39,2625,1003,2,0,441,34,5,3628,1,0,0,0,0,2025-05-03
2025-05-04,Wall Street,Thursday,11,Cloudy,57,3476,1352,0,0,315,37,0,4828,0,0,0,0,2,2025-05-04
2025-05-05,Grand Central,Thursday,6,Cloudy,22,608,3431,0,0,918,23,1,4039,0,0,0,0,1,2025-05-05
2025-05-06,Fulton Street,Monday,6,Cloudy,47,3152,2930,1,0,536,10,4,6082,0,0,0,1,3,2025-05-06
2025-05-07,Wall Street,Tuesday,13,Sunny,75,4566,2237,0,1,62,40,4,6803,0,0,0,1,2,2025-05-07
2025-05-08,Union Square,Tuesday,10,Snowy,32,3672,4937,1,0,949,28,2,8609,0,0,1,1,3,2025-05-08
2025-05-09,Canal Street,Thursday,21,Rainy,85,4449,595,2,0,529,46,0,5044,0,0,1,0,2,2025-05-09
2025-05-10,Times Square,Monday,16,Sunny,56,4107,1977,1,1,339,2,3,6084,0,1,0,1,0,2025-05-10
2025-05-11,Fulton Street,Tuesday,10,Cloudy,68,3765,4202,1,1,567,0,0,7967,0,0,0,1,1,2025-05-11
2025-05-12,Atlantic Ave,Monday,9,Cloudy,85,1351,54,0,1,334,18,5,1405,0,1,0,0,0,2025-05-12
2025-05-13,Union Square,Monday,11,Sunny,55,2205,3531,2,0,123,45,4,5736,0,0,0,1,3,2025-05-13
2025-05-14,Brooklyn Bridge,Monday,19,Sunny,73,742,3303,1,0,156,48,2,4045,0,0,0,0,3,2025-05-14
2025-05-15,Wall Street,Friday,14,Cloudy,45,4400,1412,0,0,175,21,1,5812,0,0,0,1,2,2025-05-15
2025-05-16,Atlantic Ave,Saturday,17,Snowy,94,1528,1870,0,0,388,13,0,3398,1,1,1,0,1,2025-05-16
2025-05-17,Wall Street,Monday,16,Cloudy,91,306,2713,1,1,148,48,4,3019,0,1,0,0,3,2025-05-17
2025-05-18,Penn Station,Friday,19,Cloudy,59,2480,2988,0,0,638,13,3,5468,0,0,0,1,3,2025-05-18
2025-05-19,Union Square,Thursday,21,Sunny,62,491,1323,1,0,308,43,2,1814,0,0,0,0,0,2025-05-19
2025-05-20,Penn Station,Tuesday,6,Snowy,41,1931,3376,1,1,285,15,1,5307,0,0,1,1,1,2025-05-20
2025-05-21,Grand Central,Saturday,18,Cloudy,39,2696,3709,1,1,925,32,0,6405,1,1,0,1,1,2025-05-21
2025-05-22,Penn Station,Sunday,18,Cloudy,27,3870,2995,2,1,798,12,3,6865,1,1,0,1,3,2025-05-22
2025-05-23,Grand Central,Tuesday,7,Rainy,48,4727,3068,1,0,859,37,1,7795,0,1,1,1,2,2025-05-23
2025-05-24,Grand Central,Saturday,9,Sunny,59,1785,1181,0,0,834,48,5,2966,1,1,0,0,0,2025-05-24
2025-05-25,Atlantic Ave,Sunday,11,Rainy,49,3785,4813,2,0,187,11,4,8598,1,0,1,1,3,2025-05-25
2025-05-26,Wall Street,Tuesday,10,Rainy,74,2695,2686,0,0,851,37,5,5381,0,0,1,1,3,2025-05-26
2025-05-27,Brooklyn Bridge,Saturday,8,Cloudy,35,68,3079,2,0,363,38,4,3147,1,1,0,0,3,2025-05-27
2025-05-28,Penn Station,Tuesday,6,Sunny,65,1174,3069,2,1,163,32,3,4243,0,0,0,0,3,2025-05-28
2025-05-29,Union Square,Tuesday,9,Snowy,81,4035,4427,2,1,935,32,5,8462,0,1,1,1,3,2025-05-29
2025-05-30,Grand Central,Sunday,7,Cloudy,26,2704,3209,2,0,210,28,4,5913,1,1,0,1,3,2025-05-30
2025-05-31,Wall Street,Tuesday,10,Snowy,64,2130,303,0,0,887,4,2,2433,0,0,1,0,0,2025-05-31
2025-06-01,Times Square,Tuesday,8,Snowy,78,1597,378,1,0,124,5,3,1975,0,1,1,0,0,2025-06-01
2025-06-02,Fulton Street,Sunday,14,Sunny,75,911,2641,0,0,680,30,4,3552,1,0,0,0,3,2025-06-02
2025-06-03,Atlantic Ave,Thursday,11,Rainy,67,204,2880,1,0,563,15,0,3084,0,0,1,0,1,2025-06-03
2025-06-04,Brooklyn Bridge,Monday,23,Sunny,46,3544,3094,0,1,768,30,4,6638,0,0,0,1,3,2025-06-04
2025-06-05,Columbus Circle,Wednesday,11,Snowy,72,954,1470,2,1,77,24,5,2424,0,0,1,0,0,2025-06-05
2025-06-06,Atlantic Ave,Friday,17,Cloudy,92,1319,3451,2,1,454,47,2,4770,0,1,0,0,3,2025-06-06
2025-06-07,Times Square,Wednesday,16,Snowy,54,454,2942,1,0,454,45,1,3396,0,1,1,0,1,2025-06-07
2025-06-08,Fulton Street,Wednesday,7,Cloudy,70,893,704,1,0,335,32,1,1597,0,1,0,0,0,2025-06-08
2025-06-09,Times Square,Saturday,20,Cloudy,56,1832,809,0,1,855,12,4,2641,1,0,0,0,0,2025-06-09
2025-06-10,Penn Station,Monday,17,Sunny,76,1614,1848,1,1,717,9,1,3462,0,1,0,0,1,2025-06-10
2025-06-11,Grand Central,Saturday,17,Snowy,27,1234,3021,0,0,611,23,4,4255,1,1,1,0,3,2025-06-11
2025-06-12,Brooklyn Bridge,Monday,14,Rainy,39,796,4561,1,1,632,9,2,5357,0,0,1,1,1,2025-06-12
2025-06-13,Canal Street,Sunday,7,Snowy,72,1775,3476,1,1,889,40,1,5251,1,1,1,1,1,2025-06-13
2025-06-14,Grand Central,Sunday,8,Snowy,31,3238,304,1,0,368,30,5,3542,1,1,1,0,0,2025-06-14
2025-06-15,Canal Street,Monday,17,Rainy,68,320,3873,2,1,154,12,5,4193,0,1,1,0,3,2025-06-15
2025-06-16,Fulton Street,Tuesday,21,Sunny,36,4915,1926,2,1,284,2,0,6841,0,0,0,1,2,2025-06-16
2025-06-17,Wall Street,Thursday,6,Snowy,83,4006,2807,0,1,518,49,4,6813,0,0,1,1,3,2025-06-17
2025-06-18,Columbus Circle,Tuesday,8,Snowy,61,221,2674,1,0,188,33,1,2895,0,1,1,0,1,2025-06-18
2025-06-19,Union Square,Thursday,7,Cloudy,48,323,4171,0,1,762,48,5,4494,0,1,0,0,3,2025-06-19
2025-06-20,Grand Central,Saturday,14,Snowy,38,2356,3054,1,1,847,27,2,5410,1,0,1,1,1,2025-06-20
2025-06-21,Brooklyn Bridge,Thursday,20,Rainy,30,1208,4566,2,1,840,18,2,5774,0,0,1,1,1,2025-06-21
2025-06-22,Times Square,Saturday,23,Cloudy,69,1756,3784,2,0,486,22,0,5540,1,0,0,1,1,2025-06-22
2025-06-23,Brooklyn Bridge,Sunday,16,Sunny,90,1821,1294,1,0,852,44,2,3115,1,1,0,0,1,2025-06-23
2025-06-24,Fulton Street,Wednesday,21,Cloudy,77,471,1058,1,1,985,31,2,1529,0,0,0,0,1,2025-06-24
2025-06-25,Canal Street,Sunday,22,Rainy,53,1259,4364,2,0,423,12,1,5623,1,0,1,1,1,2025-06-25
2025-06-26,Times Square,Sunday,10,Rainy,39,4725,1560,2,1,162,32,4,6285,1,0,1,1,0,2025-06-26
2025-06-27,Union Square,Wednesday,17,Cloudy,69,940,2009,0,0,113,33,3,2949,0,1,0,0,0,2025-06-27
2025-06-28,Union Square,Thursday,16,Sunny,29,4867,2558,2,0,84,32,2,7425,0,1,0,1,2,2025-06-28
2025-06-29,Grand Central,Thursday,20,Cloudy,51,3317,4808,1,1,137,4,2,8125,0,0,0,1,3,2025-06-29
2025-06-30,Fulton Street,Saturday,8,Sunny,71,1523,2732,0,1,720,2,3,4255,1,1,0,0,1,2025-06-30
2025-07-01,Wall Street,Tuesday,6,Cloudy,34,3293,1039,1,1,675,6,2,4332,0,0,0,0,0,2025-07-01
2025-07-02,Fulton Street,Saturday,21,Rainy,22,4528,4334,0,0,577,23,1,8862,1,0,1,1,2,2025-07-02
2025-07-03,Canal Street,Tuesday,7,Snowy,56,2231,304,1,1,799,21,1,2535,0,1,1,0,1,2025-07-03
2025-07-04,Brooklyn Bridge,Sunday,7,Snowy,59,1499,4213,2,0,354,44,3,5712,1,1,1,1,3,2025-07-04
2025-07-05,Union Square,Wednesday,8,Sunny,91,3146,4761,1,0,540,22,5,7907,0,1,0,1,3,2025-07-05
2025-07-06,Brooklyn Bridge,Sunday,13,Sunny,59,3306,4502,0,1,168,29,2,7808,1,0,0,1,3,2025-07-06
2025-07-07,Brooklyn Bridge,Monday,20,Sunny,75,3206,305,1,0,547,17,5,3511,0,0,0,0,0,2025-07-07
2025-07-08,Brooklyn Bridge,Thursday,12,Rainy,42,1640,1057,0,1,435,31,2,2697,0,0,1,0,0,2025-07-08
2025-07-09,Union Square,Tuesday,11,Cloudy,30,4289,1805,1,0,690,6,4,6094,0,0,0,1,0,2025-07-09
2025-07-10,Atlantic Ave,Saturday,14,Rainy,83,4031,2621,2,1,32,32,2,6652,1,0,1,1,2,2025-07-10
2025-07-11,Penn Station,Wednesday,6,Snowy,27,1485,3958,2,0,56,4,1,5443,0,0,1,1,1,2025-07-11
2025-07-12,Canal Street,Tuesday,13,Sunny,75,273,3047,1,0,534,48,0,3320,0,0,0,0,1,2025-07-12
2025-07-13,Atlantic Ave,Saturday,8,Cloudy,79,269,2853,1,1,738,27,0,3122,1,1,0,0,1,2025-07-13
2025-07-14,Canal Street,Thursday,9,Snowy,29,4324,3815,1,0,843,7,0,8139,0,1,1,1,1,2025-07-14
2025-07-15,Times Square,Sunday,20,Snowy,58,1704,4429,0,1,715,14,0,6133,1,0,1,1,1,2025-07-15
2025-07-16,Fulton Street,Thursday,11,Snowy,47,4578,3433,1,0,153,3,5,8011,0,0,1,1,3,2025-07-16
2025-07-17,Fulton Street,Friday,20,Rainy,68,314,148,1,0,594,33,5,462,0,0,1,0,0,2025-07-17
2025-07-18,Columbus Circle,Monday,8,Sunny,55,1003,246,0,0,677,4,2,1249,0,1,0,0,0,2025-07-18
2025-07-19,Fulton Street,Friday,19,Snowy,32,4574,2579,2,1,598,32,5,7153,0,0,1,1,3,2025-07-19
2025-07-20,Union Square,Wednesday,19,Sunny,55,3783,927,1,1,428,4,2,4710,0,0,0,0,0,2025-07-20
2025-07-21,Wall Street,Tuesday,9,Rainy,45,2824,1918,1,1,690,37,4,4742,0,1,1,0,0,2025-07-21
2025-07-22,Grand Central,Wednesday,17,Snowy,23,3174,2715,2,1,982,33,2,5889,0,1,1,1,1,2025-07-22
2025-07-23,Columbus Circle,Sunday,22,Rainy,83,529,1438,2,1,808,25,0,1967,1,0,1,0,1,2025-07-23
2025-07-24,Grand Central,Saturday,12,Rainy,57,3564,2465,0,0,94,0,3,6029,1,0,1,1,0,2025-07-24
2025-07-25,Canal Street,Thursday,14,Sunny,41,1403,619,1,0,425,3,3,2022,0,0,0,0,0,2025-07-25
2025-07-26,Grand Central,Friday,8,Snowy,21,3372,2687,1,1,703,38,1,6059,0,1,1,1,2,2025-07-26
2025-07-27,Grand Central,Friday,18,Rainy,50,3928,1115,0,0,491,25,1,5043,0,1,1,0,2,2025-07-27
2025-07-28,Columbus Circle,Sunday,20,Snowy,30,939,471,2,0,465,32,2,1410,1,0,1,0,0,2025-07-28
2025-07-29,Times Square,Friday,23,Sunny,65,3904,2933,0,0,836,32,3,6837,0,0,0,1,2,2025-07-29
2025-07-30,Brooklyn Bridge,Sunday,6,Rainy,81,974,1254,2,0,306,7,0,2228,1,0,1,0,1,2025-07-30
2025-07-31,Fulton Street,Wednesday,11,Sunny,88,2220,594,0,1,121,19,5,2814,0,0,0,0,0,2025-07-31
2025-08-01,Fulton Street,Thursday,7,Snowy,83,1952,4216,2,0,971,15,0,6168,0,1,1,1,1,2025-08-01
2025-08-02,Union Square,Tuesday,19,Snowy,29,4923,3689,0,1,239,20,0,8612,0,0,1,1,2,2025-08-02
2025-08-03,Columbus Circle,Saturday,11,Sunny,59,2445,1273,2,1,105,44,2,3718,1,0,0,0,2,2025-08-03
2025-08-04,Union Square,Tuesday,19,Cloudy,43,78,3222,2,0,959,25,2,3300,0,0,0,0,1,2025-08-04
2025-08-05,Wall Street,Wednesday,9,Rainy,63,84,817,2,1,689,22,4,901,0,1,1,0,0,2025-08-05
2025-08-06,Wall Street,Saturday,13,Snowy,79,3639,3707,2,0,387,17,0,7346,1,0,1,1,2,2025-08-06
2025-08-07,Union Square,Friday,8,Snowy,81,2720,704,2,0,165,30,0,3424,0,1,1,0,2,2025-08-07
2025-08-08,Columbus Circle,Monday,19,Rainy,36,3415,2496,1,0,430,41,2,5911,0,0,1,1,2,2025-08-08
2025-08-09,Union Square,Wednesday,22,Sunny,84,638,270,2,1,114,11,2,908,0,0,0,0,0,2025-08-09
2025-08-10,Fulton Street,Wednesday,13,Sunny,76,3268,3716,1,1,714,0,4,6984,0,0,0,1,3,2025-08-10
2025-08-11,Atlantic Ave,Thursday,19,Sunny,74,3188,4327,2,1,339,41,4,7515,0,0,0,1,3,2025-08-11
2025-08-12,Penn Station,Tuesday,11,Cloudy,72,953,4452,1,0,448,8,1,5405,0,0,0,1,1,2025-08-12
2025-08-13,Grand Central,Wednesday,21,Cloudy,75,4136,2619,1,0,141,2,3,6755,0,0,0,1,0,2025-08-13
2025-08-14,Penn Station,Wednesday,19,Snowy,28,2219,1063,0,0,876,25,0,3282,0,0,1,0,1,2025-08-14
2025-08-15,Columbus Circle,Friday,8,Sunny,41,389,2101,2,1,391,8,0,2490,0,1,0,0,1,2025-08-15
2025-08-16,Penn Station,Friday,15,Rainy,32,4320,4035,0,0,147,41,4,8355,0,0,1,1,3,2025-08-16
2025-08-17,Wall Street,Saturday,14,Snowy,67,1764,4993,0,0,952,15,4,6757,1,0,1,1,3,2025-08-17
2025-08-18,Canal Street,Sunday,18,Rainy,37,4742,4949,2,1,852,23,1,9691,1,1,1,1,2,2025-08-18
2025-08-19,Grand Central,Sunday,12,Snowy,59,4596,4360,0,1,279,49,3,8956,1,0,1,1,3,2025-08-19
2025-08-20,Brooklyn Bridge,Monday,19,Cloudy,36,606,3069,2,1,559,13,1,3675,0,0,0,0,1,2025-08-20
2025-08-21,Columbus Circle,Sunday,14,Snowy,34,3137,3731,0,0,405,2,3,6868,1,0,1,1,3,2025-08-21
2025-08-22,Grand Central,Thursday,20,Cloudy,34,3316,1493,2,0,566,33,5,4809,0,0,0,0,0,2025-08-22
2025-08-23,Penn Station,Monday,19,Snowy,82,3617,4246,2,0,922,32,0,7863,0,0,1,1,1,2025-08-23
2025-08-24,Wall Street,Saturday,11,Sunny,58,2106,3060,2,1,473,49,1,5166,1,0,0,1,2,2025-08-24
2025-08-25,Times Square,Friday,9,Rainy,32,3949,622,1,1,684,23,4,4571,0,1,1,0,0,2025-08-25
2025-08-26,Atlantic Ave,Sunday,13,Sunny,51,1066,1382,0,1,459,8,1,2448,1,0,0,0,1,2025-08-26
2025-08-27,Brooklyn Bridge,Tuesday,22,Snowy,28,2112,4803,1,1,340,12,5,6915,0,0,1,1,3,2025-08-27
2025-08-28,Atlantic Ave,Friday,14,Snowy,59,888,4052,0,0,262,1,1,4940,0,0,1,0,1,2025-08-28
2025-08-29,Grand Central,Thursday,6,Snowy,39,1687,3184,0,0,690,6,0,4871,0,0,1,0,1,2025-08-29
2025-08-30,Wall Street,Friday,19,Cloudy,92,4371,4136,0,0,972,47,5,8507,0,0,0,1,3,2025-08-30
2025-08-31,Wall Street,Thursday,16,Rainy,82,3546,275,1,0,294,20,4,3821,0,1,1,0,0,2025-08-31
2025-09-01,Penn Station,Thursday,8,Rainy,63,1863,4250,0,0,283,18,4,6113,0,1,1,1,3,2025-09-01
2025-09-02,Fulton Street,Thursday,14,Snowy,57,3529,2047,1,0,29,24,2,5576,0,0,1,1,2,2025-09-02
2025-09-03,Penn Station,Saturday,19,Snowy,79,1501,821,2,0,248,46,5,2322,1,0,1,0,0,2025-09-03
2025-09-04,Fulton Street,Thursday,14,Cloudy,90,2363,4574,0,0,279,21,2,6937,0,0,0,1,3,2025-09-04
2025-09-05,Fulton Street,Thursday,9,Sunny,67,1564,483,0,1,427,10,2,2047,0,1,0,0,0,2025-09-05
2025-09-06,Brooklyn Bridge,Tuesday,9,Sunny,37,1281,3149,2,1,954,32,0,4430,0,1,0,0,1,2025-09-06
2025-09-07,Penn Station,Monday,13,Rainy,35,1695,2779,2,0,319,31,1,4474,0,0,1,0,1,2025-09-07
2025-09-08,Times Square,Wednesday,7,Cloudy,74,3049,3457,0,1,40,20,4,6506,0,1,0,1,3,2025-09-08
2025-09-09,Union Square,Monday,14,Snowy,58,3490,3190,2,0,835,38,4,6680,0,0,1,1,3,2025-09-09
2025-09-10,Union Square,Thursday,19,Rainy,87,4106,915,1,0,113,19,1,5021,0,0,1,0,2,2025-09-10
2025-09-11,Penn Station,Tuesday,14,Cloudy,78,355,2843,1,1,691,7,4,3198,0,0,0,0,1,2025-09-11
2025-09-12,Penn Station,Friday,21,Sunny,81,3586,2961,0,0,195,41,1,6547,0,0,0,1,2,2025-09-12
2025-09-13,Atlantic Ave,Tuesday,22,Cloudy,32,1773,2465,1,0,137,36,5,4238,0,0,0,0,3,2025-09-13
2025-09-14,Brooklyn Bridge,Thursday,21,Sunny,25,1739,300,1,0,219,8,0,2039,0,0,0,0,0,2025-09-14
2025-09-15,Penn Station,Tuesday,17,Cloudy,79,1567,3807,0,0,423,24,0,5374,0,1,0,1,1,2025-09-15
2025-09-16,Atlantic Ave,Sunday,8,Rainy,33,3967,4706,2,0,290,24,0,8673,1,1,1,1,2,2025-09-16
2025-09-17,Fulton Street,Tuesday,16,Sunny,73,469,968,0,0,968,32,1,1437,0,1,0,0,1,2025-09-17
2025-09-18,Wall Street,Thursday,19,Rainy,23,2986,1223,1,0,262,1,1,4209,0,0,1,0,0,2025-09-18
2025-09-19,Wall Street,Saturday,23,Rainy,58,3912,3253,0,1,28,18,3,7165,1,0,1,1,3,2025-09-19
2025-09-20,Fulton Street,Sunday,10,Sunny,91,4279,482,0,1,721,45,4,4761,1,0,0,0,0,2025-09-20
2025-09-21,Columbus Circle,Tuesday,21,Sunny,44,1500,885,1,0,741,19,4,2385,0,0,0,0,0,2025-09-21
2025-09-22,Atlantic Ave,Wednesday,10,Snowy,51,3146,2296,1,1,145,41,3,5442,0,0,1,1,2,2025-09-22
2025-09-23,Atlantic Ave,Wednesday,8,Snowy,78,3311,2312,0,0,232,40,3,5623,0,1,1,1,2,2025-09-23
2025-09-24,Fulton Street,Tuesday,17,Snowy,82,1214,947,1,0,12,41,0,2161,0,1,1,0,2,2025-09-24
2025-09-25,Times Square,Saturday,6,Rainy,57,1919,3682,1,0,972,28,3,5601,1,0,1,1,1,2025-09-25
2025-09-26,Canal Street,Friday,14,Rainy,72,1869,4617,1,0,245,5,1,6486,0,0,1,1,1,2025-09-26
